,pkdx no,name,gen,legen,base ability,hidden ability,type1,type2,atk,sp atk,hp,def,sp def,spd,hgt (m),wgt (kg)
0,1,Bulbasaur,1,no,'Overgrow', 'Chlorophyll',grass,poison,49,65,45,49,65,45,0.7,6.9
1,2,Ivysaur,1,no,'Overgrow', 'Chlorophyll',grass,poison,62,80,60,63,80,60,1.0,13.0
2,3,Venusaur,1,no,'Overgrow', 'Chlorophyll',grass,poison,100,122,80,123,120,80,2.0,100.0
3,4,Charmander,1,no,'Blaze', 'Solar Power',fire,,52,60,39,43,50,65,0.6,8.5
4,5,Charmeleon,1,no,'Blaze', 'Solar Power',fire,,64,80,58,58,65,80,1.1,19.0
5,6,Charizard,1,no,'Blaze', 'Solar Power',fire,flying,104,159,78,78,115,100,1.7,90.5
6,7,Squirtle,1,no,'Torrent', 'Rain Dish',water,,48,50,44,65,64,43,0.5,9.0
7,8,Wartortle,1,no,'Torrent', 'Rain Dish',water,,63,65,59,80,80,58,1.0,22.5
8,9,Blastoise,1,no,'Torrent', 'Rain Dish',water,,103,135,79,120,115,78,1.6,85.5
9,10,Caterpie,1,no,'Shield Dust', 'Run Away',bug,,30,20,45,35,20,45,0.3,2.9
10,11,Metapod,1,no,'Shed Skin',,bug,,20,25,50,55,25,30,0.7,9.9
11,12,Butterfree,1,no,'Compoundeyes', 'Tinted Lens',bug,flying,45,90,60,50,80,70,1.1,32.0
12,13,Weedle,1,no,'Shield Dust', 'Run Away',bug,poison,35,20,40,30,20,50,0.3,3.2
13,14,Kakuna,1,no,'Shed Skin',,bug,poison,25,25,45,50,25,35,0.6,10.0
14,15,Beedrill,1,no,'Swarm', 'Sniper',bug,poison,150,15,65,40,80,145,1.0,29.5
15,16,Pidgey,1,no,'Keen Eye', 'Tangled Feet',normal,flying,45,35,40,40,35,56,0.3,1.8
16,17,Pidgeotto,1,no,'Keen Eye', 'Tangled Feet',normal,flying,60,50,63,55,50,71,1.1,30.0
17,18,Pidgeot,1,no,'Keen Eye', 'Tangled Feet',normal,flying,80,135,83,80,80,121,1.5,39.5
18,19,Rattata,1,no,'Run Away', 'Guts',normal,dark,56,25,30,35,35,72,,
19,20,Raticate,1,no,'Run Away', 'Guts',normal,dark,71,40,75,70,80,77,,
20,21,Spearow,1,no,'Keen Eye', 'Sniper',normal,flying,60,31,40,30,31,70,0.3,2.0
21,22,Fearow,1,no,'Keen Eye', 'Sniper',normal,flying,90,61,65,65,61,100,1.2,38.0
22,23,Ekans,1,no,'Intimidate', 'Shed Skin',poison,,60,40,35,44,54,55,2.0,6.9
23,24,Arbok,1,no,'Intimidate', 'Shed Skin',poison,,95,65,60,69,79,80,3.5,65.0
24,25,Pikachu,1,no,'Static', 'Lightningrod',electric,,55,50,35,40,50,90,0.4,6.0
25,26,Raichu,1,no,'Static', 'Lightningrod',electric,electric,85,95,60,50,85,110,,
26,27,Sandshrew,1,no,'Sand Veil', 'Sand Rush',ground,ice,75,10,50,90,35,40,,
27,28,Sandslash,1,no,'Sand Veil', 'Sand Rush',ground,ice,100,25,75,120,65,65,,
28,29,Nidoran♀,1,no,'Poison Point', 'Rivalry',poison,,47,40,55,52,40,41,0.4,7.0
29,30,Nidorina,1,no,'Poison Point', 'Rivalry',poison,,62,55,70,67,55,56,0.8,20.0
30,31,Nidoqueen,1,no,'Poison Point', 'Rivalry',poison,ground,92,75,90,87,85,76,1.3,60.0
31,32,Nidoran♂,1,no,'Poison Point', 'Rivalry',poison,,57,40,46,40,40,50,0.5,9.0
32,33,Nidorino,1,no,'Poison Point', 'Rivalry',poison,,72,55,61,57,55,65,0.9,19.5
33,34,Nidoking,1,no,'Poison Point', 'Rivalry',poison,ground,102,85,81,77,75,85,1.4,62.0
34,35,Clefairy,1,no,'Cute Charm', 'Magic Guard',fairy,,45,60,70,48,65,35,0.6,7.5
35,36,Clefable,1,no,'Cute Charm', 'Magic Guard',fairy,,70,95,95,73,90,60,1.3,40.0
36,37,Vulpix,1,no,'Flash Fire', 'Drought',fire,ice,41,50,38,40,65,65,,
37,38,Ninetales,1,no,'Flash Fire', 'Drought',fire,ice,67,81,73,75,100,109,,
38,39,Jigglypuff,1,no,'Cute Charm', 'Competitive',normal,fairy,45,45,115,20,25,20,0.5,5.5
39,40,Wigglytuff,1,no,'Cute Charm', 'Competitive',normal,fairy,70,85,140,45,50,45,1.0,12.0
40,41,Zubat,1,no,'Inner Focus', 'Infiltrator',poison,flying,45,30,40,35,40,55,0.8,7.5
41,42,Golbat,1,no,'Inner Focus', 'Infiltrator',poison,flying,80,65,75,70,75,90,1.6,55.0
42,43,Oddish,1,no,'Chlorophyll', 'Run Away',grass,poison,50,75,45,55,65,30,0.5,5.4
43,44,Gloom,1,no,'Chlorophyll', 'Stench',grass,poison,65,85,60,70,75,40,0.8,8.6
44,45,Vileplume,1,no,'Chlorophyll', 'Effect Spore',grass,poison,80,110,75,85,90,50,1.2,18.6
45,46,Paras,1,no,'Effect Spore', 'Dry Skin',bug,grass,70,45,35,55,55,25,0.3,5.4
46,47,Parasect,1,no,'Effect Spore', 'Dry Skin',bug,grass,95,60,60,80,80,30,1.0,29.5
47,48,Venonat,1,no,'Compoundeyes', 'Tinted Lens',bug,poison,55,40,60,50,55,45,1.0,30.0
48,49,Venomoth,1,no,'Shield Dust', 'Tinted Lens',bug,poison,65,90,70,60,75,90,1.5,12.5
49,50,Diglett,1,no,'Sand Veil', 'Arena Trap',ground,ground,55,35,10,30,45,90,,
50,51,Dugtrio,1,no,'Sand Veil', 'Arena Trap',ground,ground,100,50,35,60,70,110,,
51,52,Meowth,1,no,'Pickup', 'Technician',normal,dark,35,50,40,35,40,90,,
52,53,Persian,1,no,'Limber', 'Technician',normal,dark,60,75,65,60,65,115,,
53,54,Psyduck,1,no,'Damp', 'Cloud Nine',water,,52,65,50,48,50,55,0.8,19.6
54,55,Golduck,1,no,'Damp', 'Cloud Nine',water,,82,95,80,78,80,85,1.7,76.6
55,56,Mankey,1,no,'Vital Spirit', 'Anger Point',fighting,,80,35,40,35,45,70,0.5,28.0
56,57,Primeape,1,no,'Vital Spirit', 'Anger Point',fighting,,105,60,65,60,70,95,1.0,32.0
57,58,Growlithe,1,no,'Intimidate', 'Flash Fire',fire,,70,70,55,45,50,60,0.7,19.0
58,59,Arcanine,1,no,'Intimidate', 'Flash Fire',fire,,110,100,90,80,80,95,1.9,155.0
59,60,Poliwag,1,no,'Water Absorb', 'Damp',water,,50,40,40,40,40,90,0.6,12.4
60,61,Poliwhirl,1,no,'Water Absorb', 'Damp',water,,65,50,65,65,50,90,1.0,20.0
61,62,Poliwrath,1,no,'Water Absorb', 'Damp',water,fighting,95,70,90,95,90,70,1.3,54.0
62,63,Abra,1,no,'Synchronize', 'Inner Focus',psychic,,20,105,25,15,55,90,0.9,19.5
63,64,Kadabra,1,no,'Synchronize', 'Inner Focus',psychic,,35,120,40,30,70,105,1.3,56.5
64,65,Alakazam,1,no,'Synchronize', 'Inner Focus',psychic,,50,175,55,65,105,150,1.5,48.0
65,66,Machop,1,no,'Guts', 'No Guard',fighting,,80,35,70,50,35,35,0.8,19.5
66,67,Machoke,1,no,'Guts', 'No Guard',fighting,,100,50,80,70,60,45,1.5,70.5
67,68,Machamp,1,no,'Guts', 'No Guard',fighting,,130,65,90,80,85,55,1.6,130.0
68,69,Bellsprout,1,no,'Chlorophyll', 'Gluttony',grass,poison,75,70,50,35,30,40,0.7,4.0
69,70,Weepinbell,1,no,'Chlorophyll', 'Gluttony',grass,poison,90,85,65,50,45,55,1.0,6.4
70,71,Victreebel,1,no,'Chlorophyll', 'Gluttony',grass,poison,105,100,80,65,70,70,1.7,15.5
71,72,Tentacool,1,no,'Clear Body', 'Liquid Ooze',water,poison,40,50,40,35,100,70,0.9,45.5
72,73,Tentacruel,1,no,'Clear Body', 'Liquid Ooze',water,poison,70,80,80,65,120,100,1.6,55.0
73,74,Geodude,1,no,'Rock Head', 'Sturdy',rock,ground,80,30,40,100,30,20,,
74,75,Graveler,1,no,'Rock Head', 'Sturdy',rock,ground,95,45,55,115,45,35,,
75,76,Golem,1,no,'Rock Head', 'Sturdy',rock,ground,120,55,80,130,65,45,,
76,77,Ponyta,1,no,'Run Away', 'Flash Fire',fire,,85,65,50,55,65,90,1.0,30.0
77,78,Rapidash,1,no,'Run Away', 'Flash Fire',fire,,100,80,65,70,80,105,1.7,95.0
78,79,Slowpoke,1,no,'Oblivious', 'Own Tempo',water,psychic,65,40,90,65,40,15,1.2,36.0
79,80,Slowbro,1,no,'Oblivious', 'Own Tempo',water,psychic,75,130,95,180,80,30,1.6,78.5
80,81,Magnemite,1,no,'Magnet Pull', 'Sturdy',electric,steel,35,95,25,70,55,45,0.3,6.0
81,82,Magneton,1,no,'Magnet Pull', 'Sturdy',electric,steel,60,120,50,95,70,70,1.0,60.0
82,83,Farfetch'd,1,no,'Keen Eye', 'Inner Focus',normal,flying,90,58,52,55,62,60,0.8,15.0
83,84,Doduo,1,no,'Run Away', 'Early Bird',normal,flying,85,35,35,45,35,75,1.4,39.2
84,85,Dodrio,1,no,'Run Away', 'Early Bird',normal,flying,110,60,60,70,60,110,1.8,85.2
85,86,Seel,1,no,'Thick Fat', 'Hydration',water,,45,45,65,55,70,45,1.1,90.0
86,87,Dewgong,1,no,'Thick Fat', 'Hydration',water,ice,70,70,90,80,95,70,1.7,120.0
87,88,Grimer,1,no,'Stench', 'Sticky Hold',poison,poison,80,40,80,50,50,25,,
88,89,Muk,1,no,'Stench', 'Sticky Hold',poison,poison,105,65,105,75,100,50,,
89,90,Shellder,1,no,'Shell Armor', 'Skill Link',water,,65,45,30,100,25,40,0.3,4.0
90,91,Cloyster,1,no,'Shell Armor', 'Skill Link',water,ice,95,85,50,180,45,70,1.5,132.5
91,92,Gastly,1,no,'Levitate',,ghost,poison,35,100,30,30,35,80,1.3,0.1
92,93,Haunter,1,no,'Levitate',,ghost,poison,50,115,45,45,55,95,1.6,0.1
93,94,Gengar,1,no,'Cursed Body',,ghost,poison,65,170,60,80,95,130,1.5,40.5
94,95,Onix,1,no,'Rock Head', 'Sturdy',rock,ground,45,30,35,160,45,70,8.8,210.0
95,96,Drowzee,1,no,'Insomnia', 'Forewarn',psychic,,48,43,60,45,90,42,1.0,32.4
96,97,Hypno,1,no,'Insomnia', 'Forewarn',psychic,,73,73,85,70,115,67,1.6,75.6
97,98,Krabby,1,no,'Hyper Cutter', 'Shell Armor',water,,105,25,30,90,25,50,0.4,6.5
98,99,Kingler,1,no,'Hyper Cutter', 'Shell Armor',water,,130,50,55,115,50,75,1.3,60.0
99,100,Voltorb,1,no,'Soundproof', 'Static',electric,,30,55,40,50,55,100,0.5,10.4
100,101,Electrode,1,no,'Soundproof', 'Static',electric,,50,80,60,70,80,150,1.2,66.6
101,102,Exeggcute,1,no,'Chlorophyll', 'Harvest',grass,psychic,40,60,60,80,45,40,0.4,2.5
102,103,Exeggutor,1,no,'Chlorophyll', 'Harvest',grass,psychic,105,125,95,85,75,45,,
103,104,Cubone,1,no,'Rock Head', 'Lightningrod',ground,,50,40,50,95,50,35,0.4,6.5
104,105,Marowak,1,no,'Rock Head', 'Lightningrod',ground,fire,80,50,60,110,80,45,,
105,106,Hitmonlee,1,no,'Limber', 'Reckless',fighting,,120,35,50,53,110,87,1.5,49.8
106,107,Hitmonchan,1,no,'Keen Eye', 'Iron Fist',fighting,,105,35,50,79,110,76,1.4,50.2
107,108,Lickitung,1,no,'Own Tempo', 'Oblivious',normal,,55,60,90,75,75,30,1.2,65.5
108,109,Koffing,1,no,'Levitate',,poison,,65,60,40,95,45,35,0.6,1.0
109,110,Weezing,1,no,'Levitate',,poison,,90,85,65,120,70,60,1.2,9.5
110,111,Rhyhorn,1,no,'Lightningrod', 'Rock Head',ground,rock,85,30,80,95,30,25,1.0,115.0
111,112,Rhydon,1,no,'Lightningrod', 'Rock Head',ground,rock,130,45,105,120,45,40,1.9,120.0
112,113,Chansey,1,no,'Natural Cure', 'Serene Grace',normal,,5,35,250,5,105,50,1.1,34.6
113,114,Tangela,1,no,'Chlorophyll', 'Leaf Guard',grass,,55,100,65,115,40,60,1.0,35.0
114,115,Kangaskhan,1,no,'Early Bird', 'Scrappy',normal,,125,60,105,100,100,100,2.2,80.0
115,116,Horsea,1,no,'Swift Swim', 'Sniper',water,,40,70,30,70,25,60,0.4,8.0
116,117,Seadra,1,no,'Poison Point', 'Sniper',water,,65,95,55,95,45,85,1.2,25.0
117,118,Goldeen,1,no,'Swift Swim', 'Water Veil',water,,67,35,45,60,50,63,0.6,15.0
118,119,Seaking,1,no,'Swift Swim', 'Water Veil',water,,92,65,80,65,80,68,1.3,39.0
119,120,Staryu,1,no,'Illuminate', 'Natural Cure',water,,45,70,30,55,55,85,0.8,34.5
120,121,Starmie,1,no,'Illuminate', 'Natural Cure',water,psychic,75,100,60,85,85,115,1.1,80.0
121,122,Mr. Mime,1,no,'Soundproof', 'Filter',psychic,fairy,45,100,40,65,120,90,1.3,54.5
122,123,Scyther,1,no,'Swarm', 'Technician',bug,flying,110,55,70,80,80,105,1.5,56.0
123,124,Jynx,1,no,'Oblivious', 'Forewarn',ice,psychic,50,115,65,35,95,95,1.4,40.6
124,125,Electabuzz,1,no,'Static', 'Vital Spirit',electric,,83,95,65,57,85,105,1.1,30.0
125,126,Magmar,1,no,'Flame Body', 'Vital Spirit',fire,,95,100,65,57,85,93,1.3,44.5
126,127,Pinsir,1,no,'Hyper Cutter', 'Mold Breaker',bug,,155,65,65,120,90,105,1.5,55.0
127,128,Tauros,1,no,'Intimidate', 'Anger Point',normal,,100,40,75,95,70,110,1.4,88.4
128,129,Magikarp,1,no,'Swift Swim', 'Rattled',water,,10,15,20,55,20,80,0.9,10.0
129,130,Gyarados,1,no,'Intimidate', 'Moxie',water,flying,155,70,95,109,130,81,6.5,235.0
130,131,Lapras,1,no,'Water Absorb', 'Shell Armor',water,ice,85,85,130,80,95,60,2.5,220.0
131,132,Ditto,1,no,'Limber', 'Imposter',normal,,48,48,48,48,48,48,0.3,4.0
132,133,Eevee,1,no,'Run Away', 'Adaptability',normal,,55,45,55,50,65,55,0.3,6.5
133,134,Vaporeon,1,no,'Water Absorb', 'Hydration',water,,65,110,130,60,95,65,1.0,29.0
134,135,Jolteon,1,no,'Volt Absorb', 'Quick Feet',electric,,65,110,65,60,95,130,0.8,24.5
135,136,Flareon,1,no,'Flash Fire', 'Guts',fire,,130,95,65,60,110,65,0.9,25.0
136,137,Porygon,1,no,'Trace', 'Download',normal,,60,85,65,70,75,40,0.8,36.5
137,138,Omanyte,1,no,'Swift Swim', 'Shell Armor',rock,water,40,90,35,100,55,35,0.4,7.5
138,139,Omastar,1,no,'Swift Swim', 'Shell Armor',rock,water,60,115,70,125,70,55,1.0,35.0
139,140,Kabuto,1,no,'Swift Swim', 'Battle Armor',rock,water,80,55,30,90,45,55,0.5,11.5
140,141,Kabutops,1,no,'Swift Swim', 'Battle Armor',rock,water,115,65,60,105,70,80,1.3,40.5
141,142,Aerodactyl,1,no,'Rock Head', 'Pressure',rock,flying,135,70,80,85,95,150,1.8,59.0
142,143,Snorlax,1,no,'Immunity', 'Thick Fat',normal,,110,65,160,65,110,30,2.1,460.0
143,144,Articuno,1,yes,'Pressure', 'Snow Cloak',ice,flying,85,95,90,100,125,85,1.7,55.4
144,145,Zapdos,1,yes,'Pressure', 'Static',electric,flying,90,125,90,85,90,100,1.6,52.6
145,146,Moltres,1,yes,'Pressure', 'Flame Body',fire,flying,100,125,90,90,85,90,2.0,60.0
146,147,Dratini,1,no,'Shed Skin', 'Marvel Scale',dragon,,64,50,41,45,50,50,1.8,3.3
147,148,Dragonair,1,no,'Shed Skin', 'Marvel Scale',dragon,,84,70,61,65,70,70,4.0,16.5
148,149,Dragonite,1,no,'Inner Focus', 'Multiscale',dragon,flying,134,100,91,95,100,80,2.2,210.0
149,150,Mewtwo,1,yes,'Pressure', 'Unnerve',psychic,,150,194,106,70,120,140,2.0,122.0
150,151,Mew,1,yes,'Synchronize',,psychic,,100,100,100,100,100,100,0.4,4.0
151,152,Chikorita,2,no,'Overgrow', 'Leaf Guard',grass,,49,49,45,65,65,45,0.9,6.4
152,153,Bayleef,2,no,'Overgrow', 'Leaf Guard',grass,,62,63,60,80,80,60,1.2,15.8
153,154,Meganium,2,no,'Overgrow', 'Leaf Guard',grass,,82,83,80,100,100,80,1.8,100.5
154,155,Cyndaquil,2,no,'Blaze', 'Flash Fire',fire,,52,60,39,43,50,65,0.5,7.9
155,156,Quilava,2,no,'Blaze', 'Flash Fire',fire,,64,80,58,58,65,80,0.9,19.0
156,157,Typhlosion,2,no,'Blaze', 'Flash Fire',fire,,84,109,78,78,85,100,1.7,79.5
157,158,Totodile,2,no,'Torrent', 'Sheer Force',water,,65,44,50,64,48,43,0.6,9.5
158,159,Croconaw,2,no,'Torrent', 'Sheer Force',water,,80,59,65,80,63,58,1.1,25.0
159,160,Feraligatr,2,no,'Torrent', 'Sheer Force',water,,105,79,85,100,83,78,2.3,88.8
160,161,Sentret,2,no,'Run Away', 'Keen Eye',normal,,46,35,35,34,45,20,0.8,6.0
161,162,Furret,2,no,'Run Away', 'Keen Eye',normal,,76,45,85,64,55,90,1.8,32.5
162,163,Hoothoot,2,no,'Insomnia', 'Keen Eye',normal,flying,30,36,60,30,56,50,0.7,21.2
163,164,Noctowl,2,no,'Insomnia', 'Keen Eye',normal,flying,50,86,100,50,96,70,1.6,40.8
164,165,Ledyba,2,no,'Swarm', 'Early Bird',bug,flying,20,40,40,30,80,55,1.0,10.8
165,166,Ledian,2,no,'Swarm', 'Early Bird',bug,flying,35,55,55,50,110,85,1.4,35.6
166,167,Spinarak,2,no,'Swarm', 'Insomnia',bug,poison,60,40,40,40,40,30,0.5,8.5
167,168,Ariados,2,no,'Swarm', 'Insomnia',bug,poison,90,60,70,70,70,40,1.1,33.5
168,169,Crobat,2,no,'Inner Focus', 'Infiltrator',poison,flying,90,70,85,80,80,130,1.8,75.0
169,170,Chinchou,2,no,'Volt Absorb', 'Illuminate',water,electric,38,56,75,38,56,67,0.5,12.0
170,171,Lanturn,2,no,'Volt Absorb', 'Illuminate',water,electric,58,76,125,58,76,67,1.2,22.5
171,172,Pichu,2,no,'Static', 'Lightningrod',electric,,40,35,20,15,35,60,0.3,2.0
172,173,Cleffa,2,no,'Cute Charm', 'Magic Guard',fairy,,25,45,50,28,55,15,0.3,3.0
173,174,Igglybuff,2,no,'Cute Charm', 'Competitive',normal,fairy,30,40,90,15,20,15,0.3,1.0
174,175,Togepi,2,no,'Hustle', 'Serene Grace',fairy,,20,40,35,65,65,20,0.3,1.5
175,176,Togetic,2,no,'Hustle', 'Serene Grace',fairy,flying,40,80,55,85,105,40,0.6,3.2
176,177,Natu,2,no,'Synchronize', 'Early Bird',psychic,flying,50,70,40,45,45,70,0.2,2.0
177,178,Xatu,2,no,'Synchronize', 'Early Bird',psychic,flying,75,95,65,70,70,95,1.5,15.0
178,179,Mareep,2,no,'Static', 'Plus',electric,,40,65,55,40,45,35,0.6,7.8
179,180,Flaaffy,2,no,'Static', 'Plus',electric,,55,80,70,55,60,45,0.8,13.3
180,181,Ampharos,2,no,'Static', 'Plus',electric,,95,165,90,105,110,45,1.4,61.5
181,182,Bellossom,2,no,'Chlorophyll', 'Healer',grass,,80,90,75,95,100,50,0.4,5.8
182,183,Marill,2,no,'Thick Fat', 'Huge Power',water,fairy,20,20,70,50,50,40,0.4,8.5
183,184,Azumarill,2,no,'Thick Fat', 'Huge Power',water,fairy,50,60,100,80,80,50,0.8,28.5
184,185,Sudowoodo,2,no,'Sturdy', 'Rock Head',rock,,100,30,70,115,65,30,1.2,38.0
185,186,Politoed,2,no,'Water Absorb', 'Damp',water,,75,90,90,75,100,70,1.1,33.9
186,187,Hoppip,2,no,'Chlorophyll', 'Leaf Guard',grass,flying,35,35,35,40,55,50,0.4,0.5
187,188,Skiploom,2,no,'Chlorophyll', 'Leaf Guard',grass,flying,45,45,55,50,65,80,0.6,1.0
188,189,Jumpluff,2,no,'Chlorophyll', 'Leaf Guard',grass,flying,55,55,75,70,95,110,0.8,3.0
189,190,Aipom,2,no,'Run Away', 'Pickup',normal,,70,40,55,55,55,85,0.8,11.5
190,191,Sunkern,2,no,'Chlorophyll', 'Solar Power',grass,,30,30,30,30,30,30,0.3,1.8
191,192,Sunflora,2,no,'Chlorophyll', 'Solar Power',grass,,75,105,75,55,85,30,0.8,8.5
192,193,Yanma,2,no,'Speed Boost', 'Compoundeyes',bug,flying,65,75,65,45,45,95,1.2,38.0
193,194,Wooper,2,no,'Damp', 'Water Absorb',water,ground,45,25,55,45,25,15,0.4,8.5
194,195,Quagsire,2,no,'Damp', 'Water Absorb',water,ground,85,65,95,85,65,35,1.4,75.0
195,196,Espeon,2,no,'Synchronize', 'Magic Bounce',psychic,,65,130,65,60,95,110,0.9,26.5
196,197,Umbreon,2,no,'Synchronize', 'Inner Focus',dark,,65,60,95,110,130,65,1.0,27.0
197,198,Murkrow,2,no,'Insomnia', 'Super Luck',dark,flying,85,85,60,42,42,91,0.5,2.1
198,199,Slowking,2,no,'Oblivious', 'Own Tempo',water,psychic,75,100,95,80,110,30,2.0,79.5
199,200,Misdreavus,2,no,'Levitate',,ghost,,60,85,60,60,85,85,0.7,1.0
200,201,Unown,2,no,'Levitate',,psychic,,72,72,48,48,48,48,0.5,5.0
201,202,Wobbuffet,2,no,'Shadow Tag', 'Telepathy',psychic,,33,33,190,58,58,33,1.3,28.5
202,203,Girafarig,2,no,'Inner Focus', 'Early Bird',normal,psychic,80,90,70,65,65,85,1.5,41.5
203,204,Pineco,2,no,'Sturdy', 'Overcoat',bug,,65,35,50,90,35,15,0.6,7.2
204,205,Forretress,2,no,'Sturdy', 'Overcoat',bug,steel,90,60,75,140,60,40,1.2,125.8
205,206,Dunsparce,2,no,'Serene Grace', 'Run Away',normal,,70,65,100,70,65,45,1.5,14.0
206,207,Gligar,2,no,'Hyper Cutter', 'Sand Veil',ground,flying,75,35,65,105,65,85,1.1,64.8
207,208,Steelix,2,no,'Rock Head', 'Sturdy',steel,ground,125,55,75,230,95,30,9.2,400.0
208,209,Snubbull,2,no,'Intimidate', 'Run Away',fairy,,80,40,60,50,40,30,0.6,7.8
209,210,Granbull,2,no,'Intimidate', 'Quick Feet',fairy,,120,60,90,75,60,45,1.4,48.7
210,211,Qwilfish,2,no,'Poison Point', 'Swift Swim',water,poison,95,55,65,85,55,85,0.5,3.9
211,212,Scizor,2,no,'Swarm', 'Technician',bug,steel,150,65,70,140,100,75,1.8,118.0
212,213,Shuckle,2,no,'Sturdy', 'Gluttony',bug,rock,10,10,20,230,230,5,0.6,20.5
213,214,Heracross,2,no,'Swarm', 'Guts',bug,fighting,185,40,80,115,105,75,1.5,54.0
214,215,Sneasel,2,no,'Inner Focus', 'Keen Eye',dark,ice,95,35,55,55,75,115,0.9,28.0
215,216,Teddiursa,2,no,'Pickup', 'Quick Feet',normal,,80,50,60,50,50,40,0.6,8.8
216,217,Ursaring,2,no,'Guts', 'Quick Feet',normal,,130,75,90,75,75,55,1.8,125.8
217,218,Slugma,2,no,'Magma Armor', 'Flame Body',fire,,40,70,40,40,40,20,0.7,35.0
218,219,Magcargo,2,no,'Magma Armor', 'Flame Body',fire,rock,50,90,60,120,80,30,0.8,55.0
219,220,Swinub,2,no,'Oblivious', 'Snow Cloak',ice,ground,50,30,50,40,30,50,0.4,6.5
220,221,Piloswine,2,no,'Oblivious', 'Snow Cloak',ice,ground,100,60,100,80,60,50,1.1,55.8
221,222,Corsola,2,no,'Hustle', 'Natural Cure',water,rock,55,65,65,95,95,35,0.6,5.0
222,223,Remoraid,2,no,'Hustle', 'Sniper',water,,65,65,35,35,35,65,0.6,12.0
223,224,Octillery,2,no,'Suction Cups', 'Sniper',water,,105,105,75,75,75,45,0.9,28.5
224,225,Delibird,2,no,'Vital Spirit', 'Hustle',ice,flying,55,65,45,45,45,75,0.9,16.0
225,226,Mantine,2,no,'Swift Swim', 'Water Absorb',water,flying,40,80,85,70,140,70,2.1,220.0
226,227,Skarmory,2,no,'Keen Eye', 'Sturdy',steel,flying,80,40,65,140,70,70,1.7,50.5
227,228,Houndour,2,no,'Early Bird', 'Flash Fire',dark,fire,60,80,45,30,50,65,0.6,10.8
228,229,Houndoom,2,no,'Early Bird', 'Flash Fire',dark,fire,90,140,75,90,90,115,1.4,35.0
229,230,Kingdra,2,no,'Swift Swim', 'Sniper',water,dragon,95,95,75,95,95,85,1.8,152.0
230,231,Phanpy,2,no,'Pickup', 'Sand Veil',ground,,60,40,90,60,40,40,0.5,33.5
231,232,Donphan,2,no,'Sturdy', 'Sand Veil',ground,,120,60,90,120,60,50,1.1,120.0
232,233,Porygon2,2,no,'Trace', 'Download',normal,,80,105,85,90,95,60,0.6,32.5
233,234,Stantler,2,no,'Intimidate', 'Frisk',normal,,95,85,73,62,65,85,1.4,71.2
234,235,Smeargle,2,no,'Own Tempo', 'Technician',normal,,20,20,55,35,45,75,1.2,58.0
235,236,Tyrogue,2,no,'Guts', 'Steadfast',fighting,,35,35,35,35,35,35,0.7,21.0
236,237,Hitmontop,2,no,'Intimidate', 'Technician',fighting,,95,35,50,95,110,70,1.4,48.0
237,238,Smoochum,2,no,'Oblivious', 'Forewarn',ice,psychic,30,85,45,15,65,65,0.4,6.0
238,239,Elekid,2,no,'Static', 'Vital Spirit',electric,,63,65,45,37,55,95,0.6,23.5
239,240,Magby,2,no,'Flame Body', 'Vital Spirit',fire,,75,70,45,37,55,83,0.7,21.4
240,241,Miltank,2,no,'Thick Fat', 'Scrappy',normal,,80,40,95,105,70,100,1.2,75.5
241,242,Blissey,2,no,'Natural Cure', 'Serene Grace',normal,,10,75,255,10,135,55,1.5,46.8
242,243,Raikou,2,yes,'Pressure', 'Inner Focus',electric,,85,115,90,75,100,115,1.9,178.0
243,244,Entei,2,yes,'Pressure', 'Inner Focus',fire,,115,90,115,85,75,100,2.1,198.0
244,245,Suicune,2,yes,'Pressure', 'Inner Focus',water,,75,90,100,115,115,85,2.0,187.0
245,246,Larvitar,2,no,'Guts', 'Sand Veil',rock,ground,64,45,50,50,50,41,0.6,72.0
246,247,Pupitar,2,no,'Shed Skin',,rock,ground,84,65,70,70,70,51,1.2,152.0
247,248,Tyranitar,2,no,'Sand Stream', 'Unnerve',rock,dark,164,95,100,150,120,71,2.0,202.0
248,249,Lugia,2,yes,'Pressure', 'Multiscale',psychic,flying,90,90,106,130,154,110,5.2,216.0
249,250,Ho-Oh,2,yes,'Pressure', 'Regenerator',fire,flying,130,110,106,90,154,90,3.8,199.0
250,251,Celebi,2,yes,'Natural Cure',,psychic,grass,100,100,100,100,100,100,0.6,5.0
251,252,Treecko,3,no,'Overgrow', 'Unburden',grass,,45,65,40,35,55,70,0.5,5.0
252,253,Grovyle,3,no,'Overgrow', 'Unburden',grass,,65,85,50,45,65,95,0.9,21.6
253,254,Sceptile,3,no,'Overgrow', 'Unburden',grass,,110,145,70,75,85,145,1.7,52.2
254,255,Torchic,3,no,'Blaze', 'Speed Boost',fire,,60,70,45,40,50,45,0.4,2.5
255,256,Combusken,3,no,'Blaze', 'Speed Boost',fire,fighting,85,85,60,60,60,55,0.9,19.5
256,257,Blaziken,3,no,'Blaze', 'Speed Boost',fire,fighting,160,130,80,80,80,100,1.9,52.0
257,258,Mudkip,3,no,'Torrent', 'Damp',water,,70,50,50,50,50,40,0.4,7.6
258,259,Marshtomp,3,no,'Torrent', 'Damp',water,ground,85,60,70,70,70,50,0.7,28.0
259,260,Swampert,3,no,'Torrent', 'Damp',water,ground,150,95,100,110,110,70,1.5,81.9
260,261,Poochyena,3,no,'Run Away', 'Quick Feet',dark,,55,30,35,35,30,35,0.5,13.6
261,262,Mightyena,3,no,'Intimidate', 'Quick Feet',dark,,90,60,70,70,60,70,1.0,37.0
262,263,Zigzagoon,3,no,'Pickup', 'Gluttony',normal,,30,30,38,41,41,60,0.4,17.5
263,264,Linoone,3,no,'Pickup', 'Gluttony',normal,,70,50,78,61,61,100,0.5,32.5
264,265,Wurmple,3,no,'Shield Dust', 'Run Away',bug,,45,20,45,35,30,20,0.3,3.6
265,266,Silcoon,3,no,'Shed Skin',,bug,,35,25,50,55,25,15,0.6,10.0
266,267,Beautifly,3,no,'Swarm', 'Rivalry',bug,flying,70,100,60,50,50,65,1.0,28.4
267,268,Cascoon,3,no,'Shed Skin',,bug,,35,25,50,55,25,15,0.7,11.5
268,269,Dustox,3,no,'Shield Dust', 'Compoundeyes',bug,poison,50,50,60,70,90,65,1.2,31.6
269,270,Lotad,3,no,'Swift Swim', 'Rain Dish',water,grass,30,40,40,30,50,30,0.5,2.6
270,271,Lombre,3,no,'Swift Swim', 'Rain Dish',water,grass,50,60,60,50,70,50,1.2,32.5
271,272,Ludicolo,3,no,'Swift Swim', 'Rain Dish',water,grass,70,90,80,70,100,70,1.5,55.0
272,273,Seedot,3,no,'Chlorophyll', 'Early Bird',grass,,40,30,40,50,30,30,0.5,4.0
273,274,Nuzleaf,3,no,'Chlorophyll', 'Early Bird',grass,dark,70,60,70,40,40,60,1.0,28.0
274,275,Shiftry,3,no,'Chlorophyll', 'Early Bird',grass,dark,100,90,90,60,60,80,1.3,59.6
275,276,Taillow,3,no,'Guts', 'Scrappy',normal,flying,55,30,40,30,30,85,0.3,2.3
276,277,Swellow,3,no,'Guts', 'Scrappy',normal,flying,85,75,60,60,50,125,0.7,19.8
277,278,Wingull,3,no,'Keen Eye', 'Hydration',water,flying,30,55,40,30,30,85,0.6,9.5
278,279,Pelipper,3,no,'Keen Eye', 'Drizzle',water,flying,50,95,60,100,70,65,1.2,28.0
279,280,Ralts,3,no,'Synchronize', 'Trace',psychic,fairy,25,45,28,25,35,40,0.4,6.6
280,281,Kirlia,3,no,'Synchronize', 'Trace',psychic,fairy,35,65,38,35,55,50,0.8,20.2
281,282,Gardevoir,3,no,'Synchronize', 'Trace',psychic,fairy,85,165,68,65,135,100,1.6,48.4
282,283,Surskit,3,no,'Swift Swim', 'Rain Dish',bug,water,30,50,40,32,52,65,0.5,1.7
283,284,Masquerain,3,no,'Intimidate', 'Unnerve',bug,flying,60,100,70,62,82,80,0.8,3.6
284,285,Shroomish,3,no,'Effect Spore', 'Poison Heal',grass,,40,40,60,60,60,35,0.4,4.5
285,286,Breloom,3,no,'Effect Spore', 'Poison Heal',grass,fighting,130,60,60,80,60,70,1.2,39.2
286,287,Slakoth,3,no,'Truant',,normal,,60,35,60,60,35,30,0.8,24.0
287,288,Vigoroth,3,no,'Vital Spirit',,normal,,80,55,80,80,55,90,1.4,46.5
288,289,Slaking,3,no,'Truant',,normal,,160,95,150,100,65,100,2.0,130.5
289,290,Nincada,3,no,'Compoundeyes', 'Run Away',bug,ground,45,30,31,90,30,40,0.5,5.5
290,291,Ninjask,3,no,'Speed Boost', 'Infiltrator',bug,flying,90,50,61,45,50,160,0.8,12.0
291,292,Shedinja,3,no,'Wonder Guard',,bug,ghost,90,30,1,45,30,40,0.8,1.2
292,293,Whismur,3,no,'Soundproof', 'Rattled',normal,,51,51,64,23,23,28,0.6,16.3
293,294,Loudred,3,no,'Soundproof', 'Scrappy',normal,,71,71,84,43,43,48,1.0,40.5
294,295,Exploud,3,no,'Soundproof', 'Scrappy',normal,,91,91,104,63,73,68,1.5,84.0
295,296,Makuhita,3,no,'Thick Fat', 'Guts',fighting,,60,20,72,30,30,25,1.0,86.4
296,297,Hariyama,3,no,'Thick Fat', 'Guts',fighting,,120,40,144,60,60,50,2.3,253.8
297,298,Azurill,3,no,'Thick Fat', 'Huge Power',normal,fairy,20,20,50,40,40,20,0.2,2.0
298,299,Nosepass,3,no,'Sturdy', 'Magnet Pull',rock,,45,45,30,135,90,30,1.0,97.0
299,300,Skitty,3,no,'Cute Charm', 'Normalize',normal,,45,35,50,45,35,50,0.6,11.0
300,301,Delcatty,3,no,'Cute Charm', 'Normalize',normal,,65,55,70,65,55,90,1.1,32.6
301,302,Sableye,3,no,'Keen Eye', 'Stall',dark,ghost,85,85,50,125,115,20,0.5,11.0
302,303,Mawile,3,no,'Hyper Cutter', 'Intimidate',steel,fairy,105,55,50,125,95,50,0.6,11.5
303,304,Aron,3,no,'Sturdy', 'Rock Head',steel,rock,70,40,50,100,40,30,0.4,60.0
304,305,Lairon,3,no,'Sturdy', 'Rock Head',steel,rock,90,50,60,140,50,40,0.9,120.0
305,306,Aggron,3,no,'Sturdy', 'Rock Head',steel,rock,140,60,70,230,80,50,2.1,360.0
306,307,Meditite,3,no,'Pure Power', 'Telepathy',fighting,psychic,40,40,30,55,55,60,0.6,11.2
307,308,Medicham,3,no,'Pure Power', 'Telepathy',fighting,psychic,100,80,60,85,85,100,1.3,31.5
308,309,Electrike,3,no,'Static', 'Lightningrod',electric,,45,65,40,40,40,65,0.6,15.2
309,310,Manectric,3,no,'Static', 'Lightningrod',electric,,75,135,70,80,80,135,1.5,40.2
310,311,Plusle,3,no,'Plus', 'Lightningrod',electric,,50,85,60,40,75,95,0.4,4.2
311,312,Minun,3,no,'Minus', 'Volt Absorb',electric,,40,75,60,50,85,95,0.4,4.2
312,313,Volbeat,3,no,'Illuminate', 'Swarm',bug,,73,47,65,75,85,85,0.7,17.7
313,314,Illumise,3,no,'Oblivious', 'Tinted Lens',bug,,47,73,65,75,85,85,0.6,17.7
314,315,Roselia,3,no,'Natural Cure', 'Poison Point',grass,poison,60,100,50,45,80,65,0.3,2.0
315,316,Gulpin,3,no,'Liquid Ooze', 'Sticky Hold',poison,,43,43,70,53,53,40,0.4,10.3
316,317,Swalot,3,no,'Liquid Ooze', 'Sticky Hold',poison,,73,73,100,83,83,55,1.7,80.0
317,318,Carvanha,3,no,'Rough Skin', 'Speed Boost',water,dark,90,65,45,20,20,65,0.8,20.8
318,319,Sharpedo,3,no,'Rough Skin', 'Speed Boost',water,dark,140,110,70,70,65,105,1.8,88.8
319,320,Wailmer,3,no,'Water Veil', 'Oblivious',water,,70,70,130,35,35,60,2.0,130.0
320,321,Wailord,3,no,'Water Veil', 'Oblivious',water,,90,90,170,45,45,60,14.5,398.0
321,322,Numel,3,no,'Oblivious', 'Simple',fire,ground,60,65,60,40,45,35,0.7,24.0
322,323,Camerupt,3,no,'Magma Armor', 'Solid Rock',fire,ground,120,145,70,100,105,20,1.9,220.0
323,324,Torkoal,3,no,'White Smoke', 'Drought',fire,,85,85,70,140,70,20,0.5,80.4
324,325,Spoink,3,no,'Thick Fat', 'Own Tempo',psychic,,25,70,60,35,80,60,0.7,30.6
325,326,Grumpig,3,no,'Thick Fat', 'Own Tempo',psychic,,45,90,80,65,110,80,0.9,71.5
326,327,Spinda,3,no,'Own Tempo', 'Tangled Feet',normal,,60,60,60,60,60,60,1.1,5.0
327,328,Trapinch,3,no,'Hyper Cutter', 'Arena Trap',ground,,100,45,45,45,45,10,0.7,15.0
328,329,Vibrava,3,no,'Levitate',,ground,dragon,70,50,50,50,50,70,1.1,15.3
329,330,Flygon,3,no,'Levitate',,ground,dragon,100,80,80,80,80,100,2.0,82.0
330,331,Cacnea,3,no,'Sand Veil', 'Water Absorb',grass,,85,85,50,40,40,35,0.4,51.3
331,332,Cacturne,3,no,'Sand Veil', 'Water Absorb',grass,dark,115,115,70,60,60,55,1.3,77.4
332,333,Swablu,3,no,'Natural Cure', 'Cloud Nine',normal,flying,40,40,45,60,75,50,0.4,1.2
333,334,Altaria,3,no,'Natural Cure', 'Cloud Nine',dragon,flying,110,110,75,110,105,80,1.1,20.6
334,335,Zangoose,3,no,'Immunity', 'Toxic Boost',normal,,115,60,73,60,60,90,1.3,40.3
335,336,Seviper,3,no,'Shed Skin', 'Infiltrator',poison,,100,100,73,60,60,65,2.7,52.5
336,337,Lunatone,3,no,'Levitate',,rock,psychic,55,95,90,65,85,70,1.0,168.0
337,338,Solrock,3,no,'Levitate',,rock,psychic,95,55,90,85,65,70,1.2,154.0
338,339,Barboach,3,no,'Oblivious', 'Anticipation',water,ground,48,46,50,43,41,60,0.4,1.9
339,340,Whiscash,3,no,'Oblivious', 'Anticipation',water,ground,78,76,110,73,71,60,0.9,23.6
340,341,Corphish,3,no,'Hyper Cutter', 'Shell Armor',water,,80,50,43,65,35,35,0.6,11.5
341,342,Crawdaunt,3,no,'Hyper Cutter', 'Shell Armor',water,dark,120,90,63,85,55,55,1.1,32.8
342,343,Baltoy,3,no,'Levitate',,ground,psychic,40,40,40,55,70,55,0.5,21.5
343,344,Claydol,3,no,'Levitate',,ground,psychic,70,70,60,105,120,75,1.5,108.0
344,345,Lileep,3,no,'Suction Cups', 'Storm Drain',rock,grass,41,61,66,77,87,23,1.0,23.8
345,346,Cradily,3,no,'Suction Cups', 'Storm Drain',rock,grass,81,81,86,97,107,43,1.5,60.4
346,347,Anorith,3,no,'Battle Armor', 'Swift Swim',rock,bug,95,40,45,50,50,75,0.7,12.5
347,348,Armaldo,3,no,'Battle Armor', 'Swift Swim',rock,bug,125,70,75,100,80,45,1.5,68.2
348,349,Feebas,3,no,'Swift Swim', 'Oblivious',water,,15,10,20,20,55,80,0.6,7.4
349,350,Milotic,3,no,'Marvel Scale', 'Competitive',water,,60,100,95,79,125,81,6.2,162.0
350,351,Castform,3,no,'Forecast',,normal,,70,70,70,70,70,70,0.3,0.8
351,352,Kecleon,3,no,'Color Change', 'Protean',normal,,90,60,60,70,120,40,1.0,22.0
352,353,Shuppet,3,no,'Insomnia', 'Frisk',ghost,,75,63,44,35,33,45,0.6,2.3
353,354,Banette,3,no,'Insomnia', 'Frisk',ghost,,165,93,64,75,83,75,1.1,12.5
354,355,Duskull,3,no,'Levitate', 'Frisk',ghost,,40,30,20,90,90,25,0.8,15.0
355,356,Dusclops,3,no,'Pressure', 'Frisk',ghost,,70,60,40,130,130,25,1.6,30.6
356,357,Tropius,3,no,'Chlorophyll', 'Solar Power',grass,flying,68,72,99,83,87,51,2.0,100.0
357,358,Chimecho,3,no,'Levitate',,psychic,,50,95,75,80,90,65,0.6,1.0
358,359,Absol,3,no,'Pressure', 'Super Luck',dark,,150,115,65,60,60,115,1.2,47.0
359,360,Wynaut,3,no,'Shadow Tag', 'Telepathy',psychic,,23,23,95,48,48,23,0.6,14.0
360,361,Snorunt,3,no,'Inner Focus', 'Ice Body',ice,,50,50,50,50,50,50,0.7,16.8
361,362,Glalie,3,no,'Inner Focus', 'Ice Body',ice,,120,120,80,80,80,100,1.5,256.5
362,363,Spheal,3,no,'Thick Fat', 'Ice Body',ice,water,40,55,70,50,50,25,0.8,39.5
363,364,Sealeo,3,no,'Thick Fat', 'Ice Body',ice,water,60,75,90,70,70,45,1.1,87.6
364,365,Walrein,3,no,'Thick Fat', 'Ice Body',ice,water,80,95,110,90,90,65,1.4,150.6
365,366,Clamperl,3,no,'Shell Armor', 'Rattled',water,,64,74,35,85,55,32,0.4,52.5
366,367,Huntail,3,no,'Swift Swim', 'Water Veil',water,,104,94,55,105,75,52,1.7,27.0
367,368,Gorebyss,3,no,'Swift Swim', 'Hydration',water,,84,114,55,105,75,52,1.8,22.6
368,369,Relicanth,3,no,'Swift Swim', 'Rock Head',water,rock,90,45,100,130,65,55,1.0,23.4
369,370,Luvdisc,3,no,'Swift Swim', 'Hydration',water,,30,40,43,55,65,97,0.6,8.7
370,371,Bagon,3,no,'Rock Head', 'Sheer Force',dragon,,75,40,45,60,30,50,0.6,42.1
371,372,Shelgon,3,no,'Rock Head', 'Overcoat',dragon,,95,60,65,100,50,50,1.1,110.5
372,373,Salamence,3,no,'Intimidate', 'Moxie',dragon,flying,145,120,95,130,90,120,1.5,102.6
373,374,Beldum,3,no,'Clear Body', 'Light Metal',steel,psychic,55,35,40,80,60,30,0.6,95.2
374,375,Metang,3,no,'Clear Body', 'Light Metal',steel,psychic,75,55,60,100,80,50,1.2,202.5
375,376,Metagross,3,no,'Clear Body', 'Light Metal',steel,psychic,145,105,80,150,110,110,1.6,550.0
376,377,Regirock,3,yes,'Clear Body', 'Sturdy',rock,,100,50,80,200,100,50,1.7,230.0
377,378,Regice,3,yes,'Clear Body', 'Ice Body',ice,,50,100,80,100,200,50,1.8,175.0
378,379,Registeel,3,yes,'Clear Body', 'Light Metal',steel,,75,75,80,150,150,50,1.9,205.0
379,380,Latias,3,yes,'Levitate',,dragon,psychic,100,140,80,120,150,110,1.4,40.0
380,381,Latios,3,yes,'Levitate',,dragon,psychic,130,160,80,100,120,110,2.0,60.0
381,382,Kyogre,3,yes,'Drizzle',,water,,150,180,100,90,160,90,4.5,352.0
382,383,Groudon,3,yes,'Drought',,ground,,180,150,100,160,90,90,3.5,950.0
383,384,Rayquaza,3,yes,'Air Lock',,dragon,flying,180,180,105,100,100,115,7.0,206.5
384,385,Jirachi,3,yes,'Serene Grace',,steel,psychic,100,100,100,100,100,100,0.3,1.1
385,386,Deoxys,3,yes,'Pressure',,psychic,,95,95,50,90,90,180,1.7,60.8
386,387,Turtwig,4,no,'Overgrow', 'Shell Armor',grass,,68,45,55,64,55,31,0.4,10.2
387,388,Grotle,4,no,'Overgrow', 'Shell Armor',grass,,89,55,75,85,65,36,1.1,97.0
388,389,Torterra,4,no,'Overgrow', 'Shell Armor',grass,ground,109,75,95,105,85,56,2.2,310.0
389,390,Chimchar,4,no,'Blaze', 'Iron Fist',fire,,58,58,44,44,44,61,0.5,6.2
390,391,Monferno,4,no,'Blaze', 'Iron Fist',fire,fighting,78,78,64,52,52,81,0.9,22.0
391,392,Infernape,4,no,'Blaze', 'Iron Fist',fire,fighting,104,104,76,71,71,108,1.2,55.0
392,393,Piplup,4,no,'Torrent', 'Defiant',water,,51,61,53,53,56,40,0.4,5.2
393,394,Prinplup,4,no,'Torrent', 'Defiant',water,,66,81,64,68,76,50,0.8,23.0
394,395,Empoleon,4,no,'Torrent', 'Defiant',water,steel,86,111,84,88,101,60,1.7,84.5
395,396,Starly,4,no,'Keen Eye', 'Reckless',normal,flying,55,30,40,30,30,60,0.3,2.0
396,397,Staravia,4,no,'Intimidate', 'Reckless',normal,flying,75,40,55,50,40,80,0.6,15.5
397,398,Staraptor,4,no,'Intimidate', 'Reckless',normal,flying,120,50,85,70,60,100,1.2,24.9
398,399,Bidoof,4,no,'Simple', 'Unaware',normal,,45,35,59,40,40,31,0.5,20.0
399,400,Bibarel,4,no,'Simple', 'Unaware',normal,water,85,55,79,60,60,71,1.0,31.5
400,401,Kricketot,4,no,'Shed Skin', 'Run Away',bug,,25,25,37,41,41,25,0.3,2.2
401,402,Kricketune,4,no,'Swarm', 'Technician',bug,,85,55,77,51,51,65,1.0,25.5
402,403,Shinx,4,no,'Rivalry', 'Intimidate',electric,,65,40,45,34,34,45,0.5,9.5
403,404,Luxio,4,no,'Rivalry', 'Intimidate',electric,,85,60,60,49,49,60,0.9,30.5
404,405,Luxray,4,no,'Rivalry', 'Intimidate',electric,,120,95,80,79,79,70,1.4,42.0
405,406,Budew,4,no,'Natural Cure', 'Poison Point',grass,poison,30,50,40,35,70,55,0.2,1.2
406,407,Roserade,4,no,'Natural Cure', 'Poison Point',grass,poison,70,125,60,65,105,90,0.9,14.5
407,408,Cranidos,4,no,'Mold Breaker', 'Sheer Force',rock,,125,30,67,40,30,58,0.9,31.5
408,409,Rampardos,4,no,'Mold Breaker', 'Sheer Force',rock,,165,65,97,60,50,58,1.6,102.5
409,410,Shieldon,4,no,'Sturdy', 'Soundproof',rock,steel,42,42,30,118,88,30,0.5,57.0
410,411,Bastiodon,4,no,'Sturdy', 'Soundproof',rock,steel,52,47,60,168,138,30,1.3,149.5
411,412,Burmy,4,no,'Shed Skin', 'Overcoat',bug,,29,29,40,45,45,36,0.2,3.4
412,413,Wormadam,4,no,'Anticipation', 'Overcoat',bug,grass,69,69,60,95,95,36,0.5,6.5
413,414,Mothim,4,no,'Swarm', 'Tinted Lens',bug,flying,94,94,70,50,50,66,0.9,23.3
414,415,Combee,4,no,'Honey Gather', 'Hustle',bug,flying,30,30,30,42,42,70,0.3,5.5
415,416,Vespiquen,4,no,'Pressure', 'Unnerve',bug,flying,80,80,70,102,102,40,1.2,38.5
416,417,Pachirisu,4,no,'Run Away', 'Pickup',electric,,45,45,60,70,90,95,0.4,3.9
417,418,Buizel,4,no,'Swift Swim', 'Water Veil',water,,65,60,55,35,30,85,0.7,29.5
418,419,Floatzel,4,no,'Swift Swim', 'Water Veil',water,,105,85,85,55,50,115,1.1,33.5
419,420,Cherubi,4,no,'Chlorophyll',,grass,,35,62,45,45,53,35,0.4,3.3
420,421,Cherrim,4,no,'Flower Gift',,grass,,60,87,70,70,78,85,0.5,9.3
421,422,Shellos,4,no,'Sticky Hold', 'Storm Drain',water,,48,57,76,48,62,34,0.3,6.3
422,423,Gastrodon,4,no,'Sticky Hold', 'Storm Drain',water,ground,83,92,111,68,82,39,0.9,29.9
423,424,Ambipom,4,no,'Technician', 'Pickup',normal,,100,60,75,66,66,115,1.2,20.3
424,425,Drifloon,4,no,'Aftermath', 'Unburden',ghost,flying,50,60,90,34,44,70,0.4,1.2
425,426,Drifblim,4,no,'Aftermath', 'Unburden',ghost,flying,80,90,150,44,54,80,1.2,15.0
426,427,Buneary,4,no,'Run Away', 'Klutz',normal,,66,44,55,44,56,85,0.4,5.5
427,428,Lopunny,4,no,'Cute Charm', 'Klutz',normal,,136,54,65,94,96,135,1.2,33.3
428,429,Mismagius,4,no,'Levitate',,ghost,,60,105,60,60,105,105,0.9,4.4
429,430,Honchkrow,4,no,'Insomnia', 'Super Luck',dark,flying,125,105,100,52,52,71,0.9,27.3
430,431,Glameow,4,no,'Limber', 'Own Tempo',normal,,55,42,49,42,37,85,0.5,3.9
431,432,Purugly,4,no,'Thick Fat', 'Own Tempo',normal,,82,64,71,64,59,112,1.0,43.8
432,433,Chingling,4,no,'Levitate',,psychic,,30,65,45,50,50,45,0.2,0.6
433,434,Stunky,4,no,'Stench', 'Aftermath',poison,dark,63,41,63,47,41,74,0.4,19.2
434,435,Skuntank,4,no,'Stench', 'Aftermath',poison,dark,93,71,103,67,61,84,1.0,38.0
435,436,Bronzor,4,no,'Levitate', 'Heatproof',steel,psychic,24,24,57,86,86,23,0.5,60.5
436,437,Bronzong,4,no,'Levitate', 'Heatproof',steel,psychic,89,79,67,116,116,33,1.3,187.0
437,438,Bonsly,4,no,'Sturdy', 'Rock Head',rock,,80,10,50,95,45,10,0.5,15.0
438,439,Mime Jr.,4,no,'Soundproof', 'Filter',psychic,fairy,25,70,20,45,90,60,0.6,13.0
439,440,Happiny,4,no,'Natural Cure', 'Serene Grace',normal,,5,15,100,5,65,30,0.6,24.4
440,441,Chatot,4,no,'Keen Eye', 'Tangled Feet',normal,flying,65,92,76,45,42,91,0.5,1.9
441,442,Spiritomb,4,no,'Pressure', 'Infiltrator',ghost,dark,92,92,50,108,108,35,1.0,108.0
442,443,Gible,4,no,'Sand Veil', 'Rough Skin',dragon,ground,70,40,58,45,45,42,0.7,20.5
443,444,Gabite,4,no,'Sand Veil', 'Rough Skin',dragon,ground,90,50,68,65,55,82,1.4,56.0
444,445,Garchomp,4,no,'Sand Veil', 'Rough Skin',dragon,ground,170,120,108,115,95,92,1.9,95.0
445,446,Munchlax,4,no,'Pickup', 'Thick Fat',normal,,85,40,135,40,85,5,0.6,105.0
446,447,Riolu,4,no,'Steadfast', 'Inner Focus',fighting,,70,35,40,40,40,60,0.7,20.2
447,448,Lucario,4,no,'Steadfast', 'Inner Focus',fighting,steel,145,140,70,88,70,112,1.2,54.0
448,449,Hippopotas,4,no,'Sand Stream', 'Sand Force',ground,,72,38,68,78,42,32,0.8,49.5
449,450,Hippowdon,4,no,'Sand Stream', 'Sand Force',ground,,112,68,108,118,72,47,2.0,300.0
450,451,Skorupi,4,no,'Battle Armor', 'Sniper',poison,bug,50,30,40,90,55,65,0.8,12.0
451,452,Drapion,4,no,'Battle Armor', 'Sniper',poison,dark,90,60,70,110,75,95,1.3,61.5
452,453,Croagunk,4,no,'Anticipation', 'Dry Skin',poison,fighting,61,61,48,40,40,50,0.7,23.0
453,454,Toxicroak,4,no,'Anticipation', 'Dry Skin',poison,fighting,106,86,83,65,65,85,1.3,44.4
454,455,Carnivine,4,no,'Levitate',,grass,,100,90,74,72,72,46,1.4,27.0
455,456,Finneon,4,no,'Swift Swim', 'Storm Drain',water,,49,49,49,56,61,66,0.4,7.0
456,457,Lumineon,4,no,'Swift Swim', 'Storm Drain',water,,69,69,69,76,86,91,1.2,24.0
457,458,Mantyke,4,no,'Swift Swim', 'Water Absorb',water,flying,20,60,45,50,120,50,1.0,65.0
458,459,Snover,4,no,'Snow Warning', 'Soundproof',grass,ice,62,62,60,50,60,40,1.0,50.5
459,460,Abomasnow,4,no,'Snow Warning', 'Soundproof',grass,ice,132,132,90,105,105,30,2.2,135.5
460,461,Weavile,4,no,'Pressure', 'Pickpocket',dark,ice,120,45,70,65,85,125,1.1,34.0
461,462,Magnezone,4,no,'Magnet Pull', 'Sturdy',electric,steel,70,130,70,115,90,60,1.2,180.0
462,463,Lickilicky,4,no,'Own Tempo', 'Oblivious',normal,,85,80,110,95,95,50,1.7,140.0
463,464,Rhyperior,4,no,'Lightningrod', 'Solid Rock',ground,rock,140,55,115,130,55,40,2.4,282.8
464,465,Tangrowth,4,no,'Chlorophyll', 'Leaf Guard',grass,,100,110,100,125,50,50,2.0,128.6
465,466,Electivire,4,no,'Motor Drive', 'Vital Spirit',electric,,123,95,75,67,85,95,1.8,138.6
466,467,Magmortar,4,no,'Flame Body', 'Vital Spirit',fire,,95,125,75,67,95,83,1.6,68.0
467,468,Togekiss,4,no,'Hustle', 'Serene Grace',fairy,flying,50,120,85,95,115,80,1.5,38.0
468,469,Yanmega,4,no,'Speed Boost', 'Tinted Lens',bug,flying,76,116,86,86,56,95,1.9,51.5
469,470,Leafeon,4,no,'Leaf Guard', 'Chlorophyll',grass,,110,60,65,130,65,95,1.0,25.5
470,471,Glaceon,4,no,'Snow Cloak', 'Ice Body',ice,,60,130,65,110,95,65,0.8,25.9
471,472,Gliscor,4,no,'Hyper Cutter', 'Sand Veil',ground,flying,95,45,75,125,75,95,2.0,42.5
472,473,Mamoswine,4,no,'Oblivious', 'Snow Cloak',ice,ground,130,70,110,80,60,80,2.5,291.0
473,474,Porygon-Z,4,no,'Adaptability', 'Download',normal,,80,135,85,70,75,90,0.9,34.0
474,475,Gallade,4,no,'Steadfast', 'Justified',psychic,fighting,165,65,68,95,115,110,1.6,52.0
475,476,Probopass,4,no,'Sturdy', 'Magnet Pull',rock,steel,55,75,60,145,150,40,1.4,340.0
476,477,Dusknoir,4,no,'Pressure', 'Frisk',ghost,,100,65,45,135,135,45,2.2,106.6
477,478,Froslass,4,no,'Snow Cloak', 'Cursed Body',ice,ghost,80,80,70,70,70,110,1.3,26.6
478,479,Rotom,4,no,'Levitate',,electric,ghost,65,105,50,107,107,86,0.3,0.3
479,480,Uxie,4,yes,'Levitate',,psychic,,75,75,75,130,130,95,0.3,0.3
480,481,Mesprit,4,yes,'Levitate',,psychic,,105,105,80,105,105,80,0.3,0.3
481,482,Azelf,4,yes,'Levitate',,psychic,,125,125,75,70,70,115,0.3,0.3
482,483,Dialga,4,yes,'Pressure', 'Telepathy',steel,dragon,120,150,100,120,100,90,5.4,683.0
483,484,Palkia,4,yes,'Pressure', 'Telepathy',water,dragon,120,150,90,100,120,100,4.2,336.0
484,485,Heatran,4,yes,'Flash Fire', 'Flame Body',fire,steel,90,130,91,106,106,77,1.7,430.0
485,486,Regigigas,4,yes,'Slow Start',,normal,,160,80,110,110,110,100,3.7,420.0
486,487,Giratina,4,yes,'Pressure', 'Telepathy',ghost,dragon,120,120,150,100,100,90,4.5,750.0
487,488,Cresselia,4,yes,'Levitate',,psychic,,70,75,120,120,130,85,1.5,85.6
488,489,Phione,4,no,'Hydration',,water,,80,80,80,80,80,80,0.4,3.1
489,490,Manaphy,4,yes,'Hydration',,water,,100,100,100,100,100,100,0.3,1.4
490,491,Darkrai,4,yes,'Bad Dreams',,dark,,90,135,70,90,90,125,1.5,50.5
491,492,Shaymin,4,yes,'Natural Cure', 'Serene Grace',grass,grass,103,120,100,75,75,127,0.2,2.1
492,493,Arceus,4,yes,'Multitype',,normal,,120,120,120,120,120,120,3.2,320.0
493,494,Victini,5,yes,'Victory Star',,psychic,fire,100,100,100,100,100,100,0.4,4.0
494,495,Snivy,5,no,'Overgrow', 'Contrary',grass,,45,45,45,55,55,63,0.6,8.1
495,496,Servine,5,no,'Overgrow', 'Contrary',grass,,60,60,60,75,75,83,0.8,16.0
496,497,Serperior,5,no,'Overgrow', 'Contrary',grass,,75,75,75,95,95,113,3.3,63.0
497,498,Tepig,5,no,'Blaze', 'Thick Fat',fire,,63,45,65,45,45,45,0.5,9.9
498,499,Pignite,5,no,'Blaze', 'Thick Fat',fire,fighting,93,70,90,55,55,55,1.0,55.5
499,500,Emboar,5,no,'Blaze', 'Reckless',fire,fighting,123,100,110,65,65,65,1.6,150.0
500,501,Oshawott,5,no,'Torrent', 'Shell Armor',water,,55,63,55,45,45,45,0.5,5.9
501,502,Dewott,5,no,'Torrent', 'Shell Armor',water,,75,83,75,60,60,60,0.8,24.5
502,503,Samurott,5,no,'Torrent', 'Shell Armor',water,,100,108,95,85,70,70,1.5,94.6
503,504,Patrat,5,no,'Run Away', 'Keen Eye',normal,,55,35,45,39,39,42,0.5,11.6
504,505,Watchog,5,no,'Illuminate', 'Keen Eye',normal,,85,60,60,69,69,77,1.1,27.0
505,506,Lillipup,5,no,'Vital Spirit', 'Pickup',normal,,60,25,45,45,45,55,0.4,4.1
506,507,Herdier,5,no,'Intimidate', 'Sand Rush',normal,,80,35,65,65,65,60,0.9,14.7
507,508,Stoutland,5,no,'Intimidate', 'Sand Rush',normal,,110,45,85,90,90,80,1.2,61.0
508,509,Purrloin,5,no,'Limber', 'Unburden',dark,,50,50,41,37,37,66,0.4,10.1
509,510,Liepard,5,no,'Limber', 'Unburden',dark,,88,88,64,50,50,106,1.1,37.5
510,511,Pansage,5,no,'Gluttony', 'Overgrow',grass,,53,53,50,48,48,64,0.6,10.5
511,512,Simisage,5,no,'Gluttony', 'Overgrow',grass,,98,98,75,63,63,101,1.1,30.5
512,513,Pansear,5,no,'Gluttony', 'Blaze',fire,,53,53,50,48,48,64,0.6,11.0
513,514,Simisear,5,no,'Gluttony', 'Blaze',fire,,98,98,75,63,63,101,1.0,28.0
514,515,Panpour,5,no,'Gluttony', 'Torrent',water,,53,53,50,48,48,64,0.6,13.5
515,516,Simipour,5,no,'Gluttony', 'Torrent',water,,98,98,75,63,63,101,1.0,29.0
516,517,Munna,5,no,'Forewarn', 'Synchronize',psychic,,25,67,76,45,55,24,0.6,23.3
517,518,Musharna,5,no,'Forewarn', 'Synchronize',psychic,,55,107,116,85,95,29,1.1,60.5
518,519,Pidove,5,no,'Big Pecks', 'Super Luck',normal,flying,55,36,50,50,30,43,0.3,2.1
519,520,Tranquill,5,no,'Big Pecks', 'Super Luck',normal,flying,77,50,62,62,42,65,0.6,15.0
520,521,Unfezant,5,no,'Big Pecks', 'Super Luck',normal,flying,115,65,80,80,55,93,1.2,29.0
521,522,Blitzle,5,no,'Lightningrod', 'Motor Drive',electric,,60,50,45,32,32,76,0.8,29.8
522,523,Zebstrika,5,no,'Lightningrod', 'Motor Drive',electric,,100,80,75,63,63,116,1.6,79.5
523,524,Roggenrola,5,no,'Sturdy', 'Weak Armor',rock,,75,25,55,85,25,15,0.4,18.0
524,525,Boldore,5,no,'Sturdy', 'Weak Armor',rock,,105,50,70,105,40,20,0.9,102.0
525,526,Gigalith,5,no,'Sturdy', 'Sand Stream',rock,,135,60,85,130,80,25,1.7,260.0
526,527,Woobat,5,no,'Unaware', 'Klutz',psychic,flying,45,55,65,43,43,72,0.4,2.1
527,528,Swoobat,5,no,'Unaware', 'Klutz',psychic,flying,57,77,67,55,55,114,0.9,10.5
528,529,Drilbur,5,no,'Sand Rush', 'Sand Force',ground,,85,30,60,40,45,68,0.3,8.5
529,530,Excadrill,5,no,'Sand Rush', 'Sand Force',ground,steel,135,50,110,60,65,88,0.7,40.4
530,531,Audino,5,no,'Healer', 'Regenerator',normal,,60,80,103,126,126,50,1.1,31.0
531,532,Timburr,5,no,'Guts', 'Sheer Force',fighting,,80,25,75,55,35,35,0.6,12.5
532,533,Gurdurr,5,no,'Guts', 'Sheer Force',fighting,,105,40,85,85,50,40,1.2,40.0
533,534,Conkeldurr,5,no,'Guts', 'Sheer Force',fighting,,140,55,105,95,65,45,1.4,87.0
534,535,Tympole,5,no,'Swift Swim', 'Hydration',water,,50,50,50,40,40,64,0.5,4.5
535,536,Palpitoad,5,no,'Swift Swim', 'Hydration',water,ground,65,65,75,55,55,69,0.8,17.0
536,537,Seismitoad,5,no,'Swift Swim', 'Poison Touch',water,ground,95,85,105,75,75,74,1.5,62.0
537,538,Throh,5,no,'Guts', 'Inner Focus',fighting,,100,30,120,85,85,45,1.3,55.5
538,539,Sawk,5,no,'Sturdy', 'Inner Focus',fighting,,125,30,75,75,75,85,1.4,51.0
539,540,Sewaddle,5,no,'Swarm', 'Chlorophyll',bug,grass,53,40,45,70,60,42,0.3,2.5
540,541,Swadloon,5,no,'Leaf Guard', 'Chlorophyll',bug,grass,63,50,55,90,80,42,0.5,7.3
541,542,Leavanny,5,no,'Swarm', 'Chlorophyll',bug,grass,103,70,75,80,80,92,1.2,20.5
542,543,Venipede,5,no,'Poison Point', 'Swarm',bug,poison,45,30,30,59,39,57,0.4,5.3
543,544,Whirlipede,5,no,'Poison Point', 'Swarm',bug,poison,55,40,40,99,79,47,1.2,58.5
544,545,Scolipede,5,no,'Poison Point', 'Swarm',bug,poison,100,55,60,89,69,112,2.5,200.5
545,546,Cottonee,5,no,'Prankster', 'Infiltrator',grass,fairy,27,37,40,60,50,66,0.3,0.6
546,547,Whimsicott,5,no,'Prankster', 'Infiltrator',grass,fairy,67,77,60,85,75,116,0.7,6.6
547,548,Petilil,5,no,'Chlorophyll', 'Own Tempo',grass,,35,70,45,50,50,30,0.5,6.6
548,549,Lilligant,5,no,'Chlorophyll', 'Own Tempo',grass,,60,110,70,75,75,90,1.1,16.3
549,550,Basculin,5,no,'Reckless', 'Rock Head',water,,92,80,70,65,55,98,1.0,18.0
550,551,Sandile,5,no,'Intimidate', 'Moxie',ground,dark,72,35,50,35,35,65,0.7,15.2
551,552,Krokorok,5,no,'Intimidate', 'Moxie',ground,dark,82,45,60,45,45,74,1.0,33.4
552,553,Krookodile,5,no,'Intimidate', 'Moxie',ground,dark,117,65,95,80,70,92,1.5,96.3
553,554,Darumaka,5,no,'Hustle', 'Inner Focus',fire,,90,15,70,45,45,50,0.6,37.5
554,555,Darmanitan,5,no,'Sheer Force', 'Zen Mode',fire,fire,30,140,105,105,105,55,1.3,92.9
555,556,Maractus,5,no,'Water Absorb', 'Chlorophyll',grass,,86,106,75,67,67,60,1.0,28.0
556,557,Dwebble,5,no,'Sturdy', 'Shell Armor',bug,rock,65,35,50,85,35,55,0.3,14.5
557,558,Crustle,5,no,'Sturdy', 'Shell Armor',bug,rock,105,65,70,125,75,45,1.4,200.0
558,559,Scraggy,5,no,'Shed Skin', 'Moxie',dark,fighting,75,35,50,70,70,48,0.6,11.8
559,560,Scrafty,5,no,'Shed Skin', 'Moxie',dark,fighting,90,45,65,115,115,58,1.1,30.0
560,561,Sigilyph,5,no,'Wonder Skin ', 'Magic Guard',psychic,flying,58,103,72,80,80,97,1.4,14.0
561,562,Yamask,5,no,'Mummy',,ghost,,30,55,38,85,65,30,0.5,1.5
562,563,Cofagrigus,5,no,'Mummy',,ghost,,50,95,58,145,105,30,1.7,76.5
563,564,Tirtouga,5,no,'Solid Rock', 'Sturdy',water,rock,78,53,54,103,45,22,0.7,16.5
564,565,Carracosta,5,no,'Solid Rock', 'Sturdy',water,rock,108,83,74,133,65,32,1.2,81.0
565,566,Archen,5,no,'Defeatist',,rock,flying,112,74,55,45,45,70,0.5,9.5
566,567,Archeops,5,no,'Defeatist',,rock,flying,140,112,75,65,65,110,1.4,32.0
567,568,Trubbish,5,no,'Stench', 'Sticky Hold',poison,,50,40,50,62,62,65,0.6,31.0
568,569,Garbodor,5,no,'Stench', 'Weak Armor',poison,,95,60,80,82,82,75,1.9,107.3
569,570,Zorua,5,no,'Illusion',,dark,,65,80,40,40,40,65,0.7,12.5
570,571,Zoroark,5,no,'Illusion',,dark,,105,120,60,60,60,105,1.6,81.1
571,572,Minccino,5,no,'Cute Charm', 'Technician',normal,,50,40,55,40,40,75,0.4,5.8
572,573,Cinccino,5,no,'Cute Charm', 'Technician',normal,,95,65,75,60,60,115,0.5,7.5
573,574,Gothita,5,no,'Frisk', 'Competitive',psychic,,30,55,45,50,65,45,0.4,5.8
574,575,Gothorita,5,no,'Frisk', 'Competitive',psychic,,45,75,60,70,85,55,0.7,18.0
575,576,Gothitelle,5,no,'Frisk', 'Competitive',psychic,,55,95,70,95,110,65,1.5,44.0
576,577,Solosis,5,no,'Overcoat', 'Magic Guard',psychic,,30,105,45,40,50,20,0.3,1.0
577,578,Duosion,5,no,'Overcoat', 'Magic Guard',psychic,,40,125,65,50,60,30,0.6,8.0
578,579,Reuniclus,5,no,'Overcoat', 'Magic Guard',psychic,,65,125,110,75,85,30,1.0,20.1
579,580,Ducklett,5,no,'Keen Eye', 'Big Pecks',water,flying,44,44,62,50,50,55,0.5,5.5
580,581,Swanna,5,no,'Keen Eye', 'Big Pecks',water,flying,87,87,75,63,63,98,1.3,24.2
581,582,Vanillite,5,no,'Ice Body', 'Snow Cloak',ice,,50,65,36,50,60,44,0.4,5.7
582,583,Vanillish,5,no,'Ice Body', 'Snow Cloak',ice,,65,80,51,65,75,59,1.1,41.0
583,584,Vanilluxe,5,no,'Ice Body', 'Snow Warning',ice,,95,110,71,85,95,79,1.3,57.5
584,585,Deerling,5,no,'Chlorophyll', 'Sap Sipper',normal,grass,60,40,60,50,50,75,0.6,19.5
585,586,Sawsbuck,5,no,'Chlorophyll', 'Sap Sipper',normal,grass,100,60,80,70,70,95,1.9,92.5
586,587,Emolga,5,no,'Static', 'Motor Drive',electric,flying,75,75,55,60,60,103,0.4,5.0
587,588,Karrablast,5,no,'Swarm', 'Shed Skin',bug,,75,40,50,45,45,60,0.5,5.9
588,589,Escavalier,5,no,'Swarm', 'Shell Armor',bug,steel,135,60,70,105,105,20,1.0,33.0
589,590,Foongus,5,no,'Effect Spore', 'Regenerator',grass,poison,55,55,69,45,55,15,0.2,1.0
590,591,Amoonguss,5,no,'Effect Spore', 'Regenerator',grass,poison,85,85,114,70,80,30,0.6,10.5
591,592,Frillish,5,no,'Water Absorb', 'Cursed Body',water,ghost,40,65,55,50,85,40,1.2,33.0
592,593,Jellicent,5,no,'Water Absorb', 'Cursed Body',water,ghost,60,85,100,70,105,60,2.2,135.0
593,594,Alomomola,5,no,'Healer', 'Hydration',water,,75,40,165,80,45,65,1.2,31.6
594,595,Joltik,5,no,'Compoundeyes', 'Unnerve',bug,electric,47,57,50,50,50,65,0.1,0.6
595,596,Galvantula,5,no,'Compoundeyes', 'Unnerve',bug,electric,77,97,70,60,60,108,0.8,14.3
596,597,Ferroseed,5,no,'Iron Barbs',,grass,steel,50,24,44,91,86,10,0.6,18.8
597,598,Ferrothorn,5,no,'Iron Barbs', 'Anticipation',grass,steel,94,54,74,131,116,20,1.0,110.0
598,599,Klink,5,no,'Plus', 'Minus',steel,,55,45,40,70,60,30,0.3,21.0
599,600,Klang,5,no,'Plus', 'Minus',steel,,80,70,60,95,85,50,0.6,51.0
600,601,Klinklang,5,no,'Plus', 'Minus',steel,,100,70,60,115,85,90,0.6,81.0
601,602,Tynamo,5,no,'Levitate',,electric,,55,45,35,40,40,60,0.2,0.3
602,603,Eelektrik,5,no,'Levitate',,electric,,85,75,65,70,70,40,1.2,22.0
603,604,Eelektross,5,no,'Levitate',,electric,,115,105,85,80,80,50,2.1,80.5
604,605,Elgyem,5,no,'Telepathy', 'Synchronize',psychic,,55,85,55,55,55,30,0.5,9.0
605,606,Beheeyem,5,no,'Telepathy', 'Synchronize',psychic,,75,125,75,75,95,40,1.0,34.5
606,607,Litwick,5,no,'Flash Fire', 'Flame Body',ghost,fire,30,65,50,55,55,20,0.3,3.1
607,608,Lampent,5,no,'Flash Fire', 'Flame Body',ghost,fire,40,95,60,60,60,55,0.6,13.0
608,609,Chandelure,5,no,'Flash Fire', 'Flame Body',ghost,fire,55,145,60,90,90,80,1.0,34.3
609,610,Axew,5,no,'Rivalry', 'Mold Breaker',dragon,,87,30,46,60,40,57,0.6,18.0
610,611,Fraxure,5,no,'Rivalry', 'Mold Breaker',dragon,,117,40,66,70,50,67,1.0,36.0
611,612,Haxorus,5,no,'Rivalry', 'Mold Breaker',dragon,,147,60,76,90,70,97,1.8,105.5
612,613,Cubchoo,5,no,'Snow Cloak', 'Slush Rush',ice,,70,60,55,40,40,40,0.5,8.5
613,614,Beartic,5,no,'Snow Cloak', 'Slush Rush',ice,,130,70,95,80,80,50,2.6,260.0
614,615,Cryogonal,5,no,'Levitate',,ice,,50,95,80,50,135,105,1.1,148.0
615,616,Shelmet,5,no,'Hydration', 'Shell Armor',bug,,40,40,50,85,65,25,0.4,7.7
616,617,Accelgor,5,no,'Hydration', 'Sticky Hold',bug,,70,100,80,40,60,145,0.8,25.3
617,618,Stunfisk,5,no,'Static', 'Limber',ground,electric,66,81,109,84,99,32,0.7,11.0
618,619,Mienfoo,5,no,'Inner Focus', 'Regenerator',fighting,,85,55,45,50,50,65,0.9,20.0
619,620,Mienshao,5,no,'Inner Focus', 'Regenerator',fighting,,125,95,65,60,60,105,1.4,35.5
620,621,Druddigon,5,no,'Rough Skin', 'Sheer Force',dragon,,120,60,77,90,90,48,1.6,139.0
621,622,Golett,5,no,'Iron Fist', 'Klutz',ground,ghost,74,35,59,50,50,35,1.0,92.0
622,623,Golurk,5,no,'Iron Fist', 'Klutz',ground,ghost,124,55,89,80,80,55,2.8,330.0
623,624,Pawniard,5,no,'Defiant', 'Inner Focus',dark,steel,85,40,45,70,40,60,0.5,10.2
624,625,Bisharp,5,no,'Defiant', 'Inner Focus',dark,steel,125,60,65,100,70,70,1.6,70.0
625,626,Bouffalant,5,no,'Reckless', 'Sap Sipper',normal,,110,40,95,95,95,55,1.6,94.6
626,627,Rufflet,5,no,'Keen Eye', 'Sheer Force',normal,flying,83,37,70,50,50,60,0.5,10.5
627,628,Braviary,5,no,'Keen Eye', 'Sheer Force',normal,flying,123,57,100,75,75,80,1.5,41.0
628,629,Vullaby,5,no,'Big Pecks', 'Overcoat',dark,flying,55,45,70,75,65,60,0.5,9.0
629,630,Mandibuzz,5,no,'Big Pecks', 'Overcoat',dark,flying,65,55,110,105,95,80,1.2,39.5
630,631,Heatmor,5,no,'Gluttony', 'Flash Fire',fire,,97,105,85,66,66,65,1.4,58.0
631,632,Durant,5,no,'Swarm', 'Hustle',bug,steel,109,48,58,112,48,109,0.3,33.0
632,633,Deino,5,no,'Hustle',,dark,dragon,65,45,52,50,50,38,0.8,17.3
633,634,Zweilous,5,no,'Hustle',,dark,dragon,85,65,72,70,70,58,1.4,50.0
634,635,Hydreigon,5,no,'Levitate',,dark,dragon,105,125,92,90,90,98,1.8,160.0
635,636,Larvesta,5,no,'Flame Body', 'Swarm',bug,fire,85,50,55,55,55,60,1.1,28.8
636,637,Volcarona,5,no,'Flame Body', 'Swarm',bug,fire,60,135,85,65,105,100,1.6,46.0
637,638,Cobalion,5,yes,'Justified',,steel,fighting,90,90,91,129,72,108,2.1,250.0
638,639,Terrakion,5,yes,'Justified',,rock,fighting,129,72,91,90,90,108,1.9,260.0
639,640,Virizion,5,yes,'Justified',,grass,fighting,90,90,91,72,129,108,2.0,200.0
640,641,Tornadus,5,yes,'Prankster', 'Defiant',flying,,100,110,79,80,90,121,1.5,63.0
641,642,Thundurus,5,yes,'Prankster', 'Defiant',electric,flying,105,145,79,70,80,101,1.5,61.0
642,643,Reshiram,5,yes,'Turboblaze',,dragon,fire,120,150,100,100,120,90,3.2,330.0
643,644,Zekrom,5,yes,'Teravolt',,dragon,electric,150,120,100,120,100,90,2.9,345.0
644,645,Landorus,5,yes,'Sand Force', 'Sheer Force',ground,flying,145,105,89,90,80,91,1.5,68.0
645,646,Kyurem,5,yes,'Pressure', 'Teravolt',dragon,ice,120,170,125,90,100,95,3.0,325.0
646,647,Keldeo,5,yes,'Justified',,water,fighting,72,129,91,90,90,108,1.4,48.5
647,648,Meloetta,5,yes,'Serene Grace',,normal,psychic,128,77,100,90,77,128,0.6,6.5
648,649,Genesect,5,yes,'Download',,bug,steel,120,120,71,95,95,99,1.5,82.5
649,650,Chespin,6,no,'Overgrow', 'Bulletproof',grass,,61,48,56,65,45,38,0.4,9.0
650,651,Quilladin,6,no,'Overgrow', 'Bulletproof',grass,,78,56,61,95,58,57,0.7,29.0
651,652,Chesnaught,6,no,'Overgrow', 'Bulletproof',grass,fighting,107,74,88,122,75,64,1.6,90.0
652,653,Fennekin,6,no,'Blaze', 'Magician',fire,,45,62,40,40,60,60,0.4,9.4
653,654,Braixen,6,no,'Blaze', 'Magician',fire,,59,90,59,58,70,73,1.0,14.5
654,655,Delphox,6,no,'Blaze', 'Magician',fire,psychic,69,114,75,72,100,104,1.5,39.0
655,656,Froakie,6,no,'Torrent', 'Protean',water,,56,62,41,40,44,71,0.3,7.0
656,657,Frogadier,6,no,'Torrent', 'Protean',water,,63,83,54,52,56,97,0.6,10.9
657,658,Greninja,6,no,'Torrent', 'Protean',water,dark,145,153,72,67,71,132,1.5,40.0
658,659,Bunnelby,6,no,'Pickup', 'Cheek Pouch',normal,,36,32,38,38,36,57,0.4,5.0
659,660,Diggersby,6,no,'Pickup', 'Cheek Pouch',normal,ground,56,50,85,77,77,78,1.0,42.4
660,661,Fletchling,6,no,'Big Pecks', 'Gale Wings',normal,flying,50,40,45,43,38,62,0.3,1.7
661,662,Fletchinder,6,no,'Flame Body', 'Gale Wings',fire,flying,73,56,62,55,52,84,0.7,16.0
662,663,Talonflame,6,no,'Flame Body', 'Gale Wings',fire,flying,81,74,78,71,69,126,1.2,24.5
663,664,Scatterbug,6,no,'Shield Dust', 'Compoundeyes',bug,,35,27,38,40,25,35,0.3,2.5
664,665,Spewpa,6,no,'Shed Skin', 'Friend Guard',bug,,22,27,45,60,30,29,0.3,8.4
665,666,Vivillon,6,no,'Shield Dust', 'Compoundeyes',bug,flying,52,90,80,50,50,89,1.2,17.0
666,667,Litleo,6,no,'Rivalry', 'Unnerve',fire,normal,50,73,62,58,54,72,0.6,13.5
667,668,Pyroar,6,no,'Rivalry', 'Unnerve',fire,normal,68,109,86,72,66,106,1.5,81.5
668,669,Flabébé,6,no,'Flower Veil', 'Symbiosis',fairy,,38,61,44,39,79,42,0.1,0.1
669,670,Floette,6,no,'Flower Veil', 'Symbiosis',fairy,,65,125,74,67,128,92,0.2,0.9
670,671,Florges,6,no,'Flower Veil', 'Symbiosis',fairy,,65,112,78,68,154,75,1.1,10.0
671,672,Skiddo,6,no,'Sap Sipper', 'Grass Pelt',grass,,65,62,66,48,57,52,0.9,31.0
672,673,Gogoat,6,no,'Sap Sipper', 'Grass Pelt',grass,,100,97,123,62,81,68,1.7,91.0
673,674,Pancham,6,no,'Iron Fist', 'Mold Breaker',fighting,,82,46,67,62,48,43,0.6,8.0
674,675,Pangoro,6,no,'Iron Fist', 'Mold Breaker',fighting,dark,124,69,95,78,71,58,2.1,136.0
675,676,Furfrou,6,no,'Fur Coat',,normal,,80,65,75,60,90,102,1.2,28.0
676,677,Espurr,6,no,'Keen Eye', 'Infiltrator',psychic,,48,63,62,54,60,68,0.3,3.5
677,678,Meowstic,6,no,'Keen Eye', 'Infiltrator',psychic,,48,83,74,76,81,104,0.6,8.5
678,679,Honedge,6,no,'No Guard',,steel,ghost,80,35,45,100,37,28,0.8,2.0
679,680,Doublade,6,no,'No Guard',,steel,ghost,110,45,59,150,49,35,0.8,4.5
680,681,Aegislash,6,no,'Stance Change',,steel,ghost,150,150,60,50,50,60,1.7,53.0
681,682,Spritzee,6,no,'Healer', 'Aroma Veil',fairy,,52,63,78,60,65,23,0.2,0.5
682,683,Aromatisse,6,no,'Healer', 'Aroma Veil',fairy,,72,99,101,72,89,29,0.8,15.5
683,684,Swirlix,6,no,'Sweet Veil', 'Unburden',fairy,,48,59,62,66,57,49,0.4,3.5
684,685,Slurpuff,6,no,'Sweet Veil', 'Unburden',fairy,,80,85,82,86,75,72,0.8,5.0
685,686,Inkay,6,no,'Contrary', 'Suction Cups',dark,psychic,54,37,53,53,46,45,0.4,3.5
686,687,Malamar,6,no,'Contrary', 'Suction Cups',dark,psychic,92,68,86,88,75,73,1.5,47.0
687,688,Binacle,6,no,'Tough Claws', 'Sniper',rock,water,52,39,42,67,56,50,0.5,31.0
688,689,Barbaracle,6,no,'Tough Claws', 'Sniper',rock,water,105,54,72,115,86,68,1.3,96.0
689,690,Skrelp,6,no,'Poison Point', 'Poison Touch',poison,water,60,60,50,60,60,30,0.5,7.3
690,691,Dragalge,6,no,'Poison Point', 'Poison Touch',poison,dragon,75,97,65,90,123,44,1.8,81.5
691,692,Clauncher,6,no,'Mega Launcher',,water,,53,58,50,62,63,44,0.5,8.3
692,693,Clawitzer,6,no,'Mega Launcher',,water,,73,120,71,88,89,59,1.3,35.3
693,694,Helioptile,6,no,'Dry Skin', 'Sand Veil',electric,normal,38,61,44,33,43,70,0.5,6.0
694,695,Heliolisk,6,no,'Dry Skin', 'Sand Veil',electric,normal,55,109,62,52,94,109,1.0,21.0
695,696,Tyrunt,6,no,'Strong Jaw', 'Sturdy',rock,dragon,89,45,58,77,45,48,0.8,26.0
696,697,Tyrantrum,6,no,'Strong Jaw', 'Rock Head',rock,dragon,121,69,82,119,59,71,2.5,270.0
697,698,Amaura,6,no,'Refrigerate', 'Snow Warning',rock,ice,59,67,77,50,63,46,1.3,25.2
698,699,Aurorus,6,no,'Refrigerate', 'Snow Warning',rock,ice,77,99,123,72,92,58,2.7,225.0
699,700,Sylveon,6,no,'Cute Charm', 'Pixilate',fairy,,65,110,95,65,130,60,1.0,23.5
700,701,Hawlucha,6,no,'Limber', 'Unburden',fighting,flying,92,74,78,75,63,118,0.8,21.5
701,702,Dedenne,6,no,'Cheek Pouch', 'Pickup',electric,fairy,58,81,67,57,67,101,0.2,2.2
702,703,Carbink,6,no,'Clear Body', 'Sturdy',rock,fairy,50,50,50,150,150,50,0.3,5.7
703,704,Goomy,6,no,'Sap Sipper', 'Hydration',dragon,,50,55,45,35,75,40,0.3,2.8
704,705,Sliggoo,6,no,'Sap Sipper', 'Hydration',dragon,,75,83,68,53,113,60,0.8,17.5
705,706,Goodra,6,no,'Sap Sipper', 'Hydration',dragon,,100,110,90,70,150,80,2.0,150.5
706,707,Klefki,6,no,'Prankster', 'Magician',steel,fairy,80,80,57,91,87,75,0.2,3.0
707,708,Phantump,6,no,'Natural Cure', 'Frisk',ghost,grass,70,50,43,48,60,38,0.4,7.0
708,709,Trevenant,6,no,'Natural Cure', 'Frisk',ghost,grass,110,65,85,76,82,56,1.5,71.0
709,710,Pumpkaboo,6,no,'Pickup', 'Frisk',ghost,grass,66,44,59,70,55,41,0.8,15.0
710,711,Gourgeist,6,no,'Pickup', 'Frisk',ghost,grass,100,58,85,122,75,54,1.7,39.0
711,712,Bergmite,6,no,'Own Tempo', 'Ice Body',ice,,69,32,55,85,35,28,1.0,99.5
712,713,Avalugg,6,no,'Own Tempo', 'Ice Body',ice,,117,44,95,184,46,28,2.0,505.0
713,714,Noibat,6,no,'Frisk', 'Infiltrator',flying,dragon,30,45,40,35,40,55,0.5,8.0
714,715,Noivern,6,no,'Frisk', 'Infiltrator',flying,dragon,70,97,85,80,80,123,1.5,85.0
715,716,Xerneas,6,yes,'Fairy Aura',,fairy,,131,131,126,95,98,99,3.0,215.0
716,717,Yveltal,6,yes,'Dark Aura',,dark,flying,131,131,126,95,98,99,5.8,203.0
717,718,Zygarde,6,yes,'Aura Break', 'Power Construct',dragon,ground,100,91,216,121,95,85,5.0,284.6
718,719,Diancie,6,yes,'Clear Body',,rock,fairy,160,160,50,110,110,110,0.7,8.8
719,720,Hoopa,6,yes,'Magician',,psychic,ghost,160,170,80,60,130,80,,
720,721,Volcanion,6,yes,'Water Absorb',,fire,water,110,130,80,120,90,70,1.7,195.0
721,722,Rowlet,7,no,'Overgrow', 'Long Reach',grass,flying,55,50,68,55,50,42,0.3,1.5
722,723,Dartrix,7,no,'Overgrow', 'Long Reach',grass,flying,75,70,78,75,70,52,0.7,16.0
723,724,Decidueye,7,no,'Overgrow', 'Long Reach',grass,ghost,107,100,78,75,100,70,1.6,36.6
724,725,Litten,7,no,'Blaze', 'Intimidate',fire,,65,60,45,40,40,70,0.4,4.3
725,726,Torracat,7,no,'Blaze', 'Intimidate',fire,,85,80,65,50,50,90,0.7,25.0
726,727,Incineroar,7,no,'Blaze', 'Intimidate',fire,dark,115,80,95,90,90,60,1.8,83.0
727,728,Popplio,7,no,'Torrent', 'Liquid Voice',water,,54,66,50,54,56,40,0.4,7.5
728,729,Brionne,7,no,'Torrent', 'Liquid Voice',water,,69,91,60,69,81,50,0.6,17.5
729,730,Primarina,7,no,'Torrent', 'Liquid Voice',water,fairy,74,126,80,74,116,60,1.8,44.0
730,731,Pikipek,7,no,'Keen Eye', 'Skill Link',normal,flying,75,30,35,30,30,65,0.3,1.2
731,732,Trumbeak,7,no,'Keen Eye', 'Skill Link',normal,flying,85,40,55,50,50,75,0.6,14.8
732,733,Toucannon,7,no,'Keen Eye', 'Skill Link',normal,flying,120,75,80,75,75,60,1.1,26.0
733,734,Yungoos,7,no,'Stakeout', 'Strong Jaw',normal,,70,30,48,30,30,45,0.4,6.0
734,735,Gumshoos,7,no,'Stakeout', 'Strong Jaw',normal,,110,55,88,60,60,45,0.7,14.2
735,736,Grubbin,7,no,'Swarm',,bug,,62,55,47,45,45,46,0.4,4.4
736,737,Charjabug,7,no,'Battery',,bug,electric,82,55,57,95,75,36,0.5,10.5
737,738,Vikavolt,7,no,'Levitate',,bug,electric,70,145,77,90,75,43,1.5,45.0
738,739,Crabrawler,7,no,'Hyper Cutter', 'Iron Fist',fighting,,82,42,47,57,47,63,0.6,7.0
739,740,Crabominable,7,no,'Hyper Cutter', 'Iron Fist',fighting,ice,132,62,97,77,67,43,1.7,180.0
740,741,Oricorio,7,no,'Dancer',,fire,flying,70,98,75,70,70,93,0.6,3.4
741,742,Cutiefly,7,no,'Honey Gather', 'Shield Dust',bug,fairy,45,55,40,40,40,84,0.1,0.2
742,743,Ribombee,7,no,'Honey Gather', 'Shield Dust',bug,fairy,55,95,60,60,70,124,0.2,0.5
743,744,Rockruff,7,no,'Keen Eye', 'Vital Spirit',rock,,65,30,45,40,40,60,0.5,9.2
744,745,Lycanroc,7,no,'Keen Eye', 'Sand Rush',rock,,115,55,85,75,75,82,,
745,746,Wishiwashi,7,no,'Schooling',,water,,140,140,45,130,135,30,0.2,0.3
746,747,Mareanie,7,no,'Merciless', 'Limber',poison,water,53,43,50,62,52,45,0.4,8.0
747,748,Toxapex,7,no,'Merciless', 'Limber',poison,water,63,53,50,152,142,35,0.7,14.5
748,749,Mudbray,7,no,'Own Tempo', 'Stamina',ground,,100,45,70,70,55,45,1.0,110.0
749,750,Mudsdale,7,no,'Own Tempo', 'Stamina',ground,,125,55,100,100,85,35,2.5,920.0
750,751,Dewpider,7,no,'Water Bubble', 'Water Absorb',water,bug,40,40,38,52,72,27,0.3,4.0
751,752,Araquanid,7,no,'Water Bubble', 'Water Absorb',water,bug,70,50,68,92,132,42,1.8,82.0
752,753,Fomantis,7,no,'Leaf Guard', 'Contrary',grass,,55,50,40,35,35,35,0.3,1.5
753,754,Lurantis,7,no,'Leaf Guard', 'Contrary',grass,,105,80,70,90,90,45,0.9,18.5
754,755,Morelull,7,no,'Illuminate', 'Effect Spore',grass,fairy,35,65,40,55,75,15,0.2,1.5
755,756,Shiinotic,7,no,'Illuminate', 'Effect Spore',grass,fairy,45,90,60,80,100,30,1.0,11.5
756,757,Salandit,7,no,'Corrosion', 'Oblivious',poison,fire,44,71,48,40,40,77,0.6,4.8
757,758,Salazzle,7,no,'Corrosion', 'Oblivious',poison,fire,64,111,68,60,60,117,1.2,22.2
758,759,Stufful,7,no,'Fluffy', 'Klutz',normal,fighting,75,45,70,50,50,50,0.5,6.8
759,760,Bewear,7,no,'Fluffy', 'Klutz',normal,fighting,125,55,120,80,60,60,2.1,135.0
760,761,Bounsweet,7,no,'Leaf Guard', 'Oblivious',grass,,30,30,42,38,38,32,0.3,3.2
761,762,Steenee,7,no,'Leaf Guard', 'Oblivious',grass,,40,40,52,48,48,62,0.7,8.2
762,763,Tsareena,7,no,'Leaf Guard', 'Queenly Majesty',grass,,120,50,72,98,98,72,1.2,21.4
763,764,Comfey,7,no,'Flower Veil', 'Triage',fairy,,52,82,51,90,110,100,0.1,0.3
764,765,Oranguru,7,no,'Inner Focus', 'Telepathy',normal,psychic,60,90,90,80,110,60,1.5,76.0
765,766,Passimian,7,no,'Receiver', 'Defiant',fighting,,120,40,100,90,60,80,2.0,82.8
766,767,Wimpod,7,no,'Wimp Out',,bug,water,35,20,25,40,30,80,0.5,12.0
767,768,Golisopod,7,no,'Emergency Exit',,bug,water,125,60,75,140,90,40,2.0,108.0
768,769,Sandygast,7,no,'Water Compaction', 'Sand Veil',ghost,ground,55,70,55,80,45,15,0.5,70.0
769,770,Palossand,7,no,'Water Compaction', 'Sand Veil',ghost,ground,75,100,85,110,75,35,1.3,250.0
770,771,Pyukumuku,7,no,'Innards Out', 'Unaware',water,,60,30,55,130,130,5,0.3,1.2
771,772,Type: Null,7,no,'Battle Armor',,normal,,95,95,95,95,95,59,1.9,120.5
772,773,Silvally,7,no,'RKS System',,normal,,95,95,95,95,95,95,2.3,100.5
773,774,Minior,7,no,'Shields Down',,rock,flying,100,100,60,60,60,120,0.3,40.0
774,775,Komala,7,no,'Comatose',,normal,,115,75,65,65,95,65,0.4,19.9
775,776,Turtonator,7,no,'Shell Armor',,fire,dragon,78,91,60,135,85,36,2.0,212.0
776,777,Togedemaru,7,no,'Iron Barbs', 'Lightningrod',electric,steel,98,40,65,63,73,96,0.3,3.3
777,778,Mimikyu,7,no,'Disguise',,ghost,fairy,90,50,55,80,105,96,0.2,0.7
778,779,Bruxish,7,no,'Dazzling', 'Strong Jaw',water,psychic,105,70,68,70,70,92,0.9,19.0
779,780,Drampa,7,no,'Berserk', 'Sap Sipper',normal,dragon,60,135,78,85,91,36,3.0,185.0
780,781,Dhelmise,7,no,'Steelworker',,ghost,grass,131,86,70,100,90,40,3.9,210.0
781,782,Jangmo-o,7,no,'Bulletproof', 'Soundproof',dragon,,55,45,45,65,45,45,0.6,29.7
782,783,Hakamo-o,7,no,'Bulletproof', 'Soundproof',dragon,fighting,75,65,55,90,70,65,1.2,47.0
783,784,Kommo-o,7,no,'Bulletproof', 'Soundproof',dragon,fighting,110,100,75,125,105,85,1.6,78.2
784,785,Tapu Koko,7,yes,'Electric Surge', 'Telepathy',electric,fairy,115,95,70,85,75,130,1.8,20.5
785,786,Tapu Lele,7,yes,'Psychic Surge', 'Telepathy',psychic,fairy,85,130,70,75,115,95,1.2,18.6
786,787,Tapu Bulu,7,yes,'Grassy Surge', 'Telepathy',grass,fairy,130,85,70,115,95,75,1.9,45.5
787,788,Tapu Fini,7,yes,'Misty Surge', 'Telepathy',water,fairy,75,95,70,115,130,85,1.3,21.2
788,789,Cosmog,7,yes,'Unaware',,psychic,,29,29,43,31,31,37,0.2,0.1
789,790,Cosmoem,7,yes,'Sturdy',,psychic,,29,29,43,131,131,37,0.1,999.9
790,791,Solgaleo,7,yes,'Full Metal Body',,psychic,steel,137,113,137,107,89,97,3.4,230.0
791,792,Lunala,7,yes,'Shadow Shield',,psychic,ghost,113,137,137,89,107,97,4.0,120.0
792,793,Nihilego,7,yes,'Beast Boost',,rock,poison,53,127,109,47,131,103,1.2,55.5
793,794,Buzzwole,7,yes,'Beast Boost',,bug,fighting,139,53,107,139,53,79,2.4,333.6
794,795,Pheromosa,7,yes,'Beast Boost',,bug,fighting,137,137,71,37,37,151,1.8,25.0
795,796,Xurkitree,7,yes,'Beast Boost',,electric,,89,173,83,71,71,83,3.8,100.0
796,797,Celesteela,7,yes,'Beast Boost',,steel,flying,101,107,97,103,101,61,9.2,999.9
797,798,Kartana,7,yes,'Beast Boost',,grass,steel,181,59,59,131,31,109,0.3,0.1
798,799,Guzzlord,7,yes,'Beast Boost',,dark,dragon,101,97,223,53,53,43,5.5,888.0
799,800,Necrozma,7,yes,'Prism Armor',,psychic,,107,127,97,101,89,79,2.4,230.0
800,801,Magearna,7,yes,'Soul-Heart',,steel,fairy,95,130,80,115,115,65,1.0,80.5
